"Name","Translation"
"aabha","आभा"
"aabid","आबिद"
"aabida","आबिदा"
"aadesh","आदेश"
"aadhira","आधिर"
"aadi","आदि"
"aadil","आदिल"
"aadya","आद्या"
"aaenab","आएनाब"
"aafreen","आफरीन"
"aafrin","आफरीन"
"aaftaab","आफ्ताब"
"aagand","आगंद"
"aajad","आजाद"
"aajiv","आजीव"
"aakanksha","आकांक्षा"
"aakar","आकार"
"aakas","आकाश"
"aakash","आकाश"
"aalam","आलम"
"aaliya","आलिया"
"aamil","आमिल"
"aamin","आमिन"
"aamir","आमिर"
"aamod","आमोद"
"aamosh","आमोश"
"aamrin","आमरिन"
"aanad","आनंद"
"aanamika","आनमिका"
"aanand","आनंद"
"aanchal","आंचल"
"aanik","आनिक"
"aanil","आनिल"
"aansi","आंसी"
"aansu","आंसू"
"aanya","आन्या"
"aarati","आरती"
"aarav","आरव"
"aardhna","आरधना"
"aarif","आरिफ"
"aarifun","आरिफून"
"aarti","आरती"
"aarushi","आरुषी"
"aash","आश"
"aashia","आशिया"
"aashif","आशिफ"
"aashish","आशीष"
"aashiya","आशिया"
"aashu","आशु"
"aasif","आसिफ"
"aasim","आसिम"
"aasmin","आस्मिन"
"aastha","आस्था"
"aasu","आसु"
"aatam","आतम"
"aatif","आतिफ"
"aatikun","आतिकून"
"aatir","आतिर"
"aavesh","आवेश"
"aayana","आयना"
"aayesha","आयेशा"
"aaysha","आयशा"
"aayush","आयुष"
"abash","अबाश"
"abbal","अब्बल"
"abbas","अब्बास"
"abdul","अब्दुल"
"abdullah","अब्दुल्लाह"
"abha","आभा"
"abhaki","अभाकि"
"abhay","अभय"
"abhaysingh","अभयसिंह"
"abhi","अभि"
"abhijeet","अभिजीत"
"abhijit","अभिजित"
"abhilash","अभिलाश"
"abhilasha","अभिलाषा"
"abhimanyu","अभिमन्यु"
"abhinandan","अभिनंदन"
"abhinash","अभिनाश"
"abhinav","अभिनव"
"abhinay","अभिनय"
"abhiraj","अभिराज"
"abhisek","अभिसेक"
"abhisekh","अभिसेख"
"abhishek","अभिषेक"
"abhishekh","अभिशेख"
"abhishik","अभिशिक"
"abid","आबिद"
"abida","अबीदा"
"abishak","अबिशक"
"abrar","अबरार"
"abu","अबू"
"achin","आचिन"
"adarsh","आदर्श"
"adersen","एडरसेन"
"adesh","आदेश"
"adhish","आधिश"
"adi","आदि"
"adiba","अदीबा"
"adil","आदिल"
"aditi","अदिति"
"aditiya","अदितिया"
"aditya","आदित्य"
"adityalok","आदित्यलोक"
"adnan","अदनान"
"advik","अद्विक"
"aesha","आइशा"
"affan","आफ़्फ़ान"
"afjal","अफजल"
"afrin","आफ़्रीन"
"afsana","अफसाना"
"afsari","अफ़सारी"
"afshar","अफ़्शार"
"agyapad","अज्ञापद"
"ahamad","अहमद"
"ahmad","अहमद"
"ahmed","अहमद"
"ahsan","अहसान"
"ahupendra","आहूपेंद्र"
"aijay","आइजय"
"aishwarya","ऐश्वर्या"
"ajad","अजाद"
"ajara","अजरा"
"ajay","अजय"
"ajaypal","अजयपाल"
"ajeem","अजीम"
"ajeet","अजीत"
"ajima","अजीमा"
"ajit","अजित"
"ajkati","अजकति"
"ajmal","अजमल"
"ajmeri","अजमेरी"
"ajmit","अजमित"
"ajnabi","अजनबी"
"ajnoor","अजनूर"
"ajra","अजरा"
"akaash","आकाश"
"akansha","आकांशा"
"akash","आकाश"
"akashya","आकाश्य"
"akassh","अकाश"
"akeel","अकील"
"akhalak","अखलक"
"akhatari","अखतारी"
"akhil","अखिल"
"akhilesh","अखिलेश"
"akhlaq","अखलाक"
"akhlesh","अख्लेश"
"akhtar","अख्तर"
"akhtari","अख्तारी"
"akil","अकील"
"akilesh","अकिलेश"
"akkash","अक्काश"
"akkni","अक्कनी"
"akshay","अक्षय"
"akthari","अक्तारी"
"al0k","आलोक"
"alahbasri","अलहबसरी"
"alam","आलम"
"alaudin","अलाउदीन"
"albaksha","अलबक्षा"
"albina","अलबीना"
"aleesha","आलीशा"
"alema","आलीमा"
"alhamdi","अलहमदी"
"alia","आलिया"
"alijan","अलीजान"
"alim","आलिम"
"alima","आलिमा"
"alina","अलीना"
"alisha","आलिशा"
"aliya","अलिया"
"alka","अलका"
"allabaksh","अल्लाबक्ष"
"allaraji","अल्लाराजी"
"allauddin","अल्लाउद्दीन"
"alma","आलमा"
"almina","अलमीना"
"alok","आलोक"
"alseepa","अलसीपा"
"altmash","अल्तमश"
"aman","अमन"
"amana","अमाना"
"amandeep","अमनदीप"
"amanjeet","अमनजीत"
"amar","अमर"
"amarchand","अमरचंद"
"amardeep","अमरदीप"
"amarendra","अमरेन्द्र"
"amarin","अमरिन"
"amarjit","अमरजीत"
"amarmula","अमरमुला"
"amarnath","अमरनाथ"
"amart","अमर्त"
"amartya","अमर्त्य"
"amarvesh","अमर्वेश"
"amber","अम्बर"
"ambika","अम्बिका"
"ambiya","अम्बिया"
"ameer","अमीर"
"ameera","अमीरा"
"amena","अमीना"
"amida","अमिदा"
"amie","अमी"
"amijan","अमीजान"
"amil","अमिल"
"amin","अमीन"
"amir","अमीर"
"amiraka","अमीरका"
"amisha","अमीशा"
"amit","अमित"
"amita","अमिता"
"amitabh","अमिताभ"
"amjat","अमजत"
"amlesh","अम्लेश"
"amna","अमना"
"amol","अमोल"
"amot","अमोट"
"amrat","अम्रत"
"amratalal","अम्रतलाल"
"amreen","अमरीन"
"amri","अम्री"
"amrik","अमरिक"
"amrin","अमरीन"
"amrish","अमृश"
"amrita","अमृता"
"amritha","अमृता"
"amrjeet","अमरजीत"
"amrooti","अमृति"
"amrta","अमृत"
"anam","आनम"
"anand","आनंद"
"anandi","आनंदी"
"anandu","आनंदु"
"anantram","आनंतराम"
"ananya","अनन्या"
"anarkali","अनारकली"
"anaro","अनरो"
"anaya","अनया"
"anchal","आँचल"
"andhav","अंधव"
"aneeta","अनीता"
"anekha","अनेखा"
"angad","अंगद"
"angan","आंगन"
"angda","अंगदा"
"angreg","अंग्रेज"
"anikesh","अनिकेश"
"anikt","अनिक्त"
"anil","अनिल"
"anirudh","अनिरुद्ध"
"anisha","अनिषा"
"anishka","अनिष्का"
"anja","अंजा"
"anjal","अंजल"
"anjaly","अंजली"
"anjan","अंजन"
"anjana","अंजना"
"anjani","अंजनी"
"anjara","अंजरा"
"anjeev","अंजीव"
"anjila","अंजिला"
"anjli","अंजली"
"anjna","अंजना"
"anjrej","अंजरेज"
"anju","अंजू"
"anjuman","अंजुमन"
"ankaj","अंकज"
"ankeet","अंकीत"
"ankita","अंकिता"
"ankus","अंकुश"
"ankush","अंकुश"
"anmol","अनमोल"
"annavi","अन्नवी"
"annielal","अन्नीलाल"
"anno","अन्नो"
"annu","अन्नु"
"anooj","अनूज"
"anoop","अनूप"
"anoopama","अनूपमा"
"ansal","अंसल"
"ansar","अंसार"
"ansh","अंश"
"anshu","अंशु"
"anshul","अंशुल"
"ansu","अंसू"
"ansul","अंसुल"
"anta","अंत"
"antim","अंतिम"
"antima","अंतिमा"
"anu","अनु"
"anubhav","अनुभव"
"anudeep","अनुदीप"
"anuja","अनुजा"
"anup","अनुप"
"anupama","अनुपमा"
"anupuma","अनुपुमा"
"anuraj","अनुराज"
"anurudh","अनुरुध"
"anushka","अनुष्का"
"anuska","अनुस्का"
"anusoya","अनुसोया"
"any","एनी"
"aparna","अपर्णा"
"aphasana","अफसना"
"apsana","अप्सना"
"arab","अरब"
"aradhana","आराधना"
"arajun","अर्जुन"
"araslan","अरसलान"
"arati","आरती"
"aravind","अरविंद"
"arbaj","अरबाज"
"archana","अर्चना"
"archita","अर्चिता"
"archna","अर्चना"
"arhiyant","अर्हियंत"
"ariba","आरिबा"
"arifa","आरिफा"
"arijit","अरिजीत"
"arindom","आरिंडोम"
"arindra","आरिंद्र"
"arjina","आर्जिना"
"arjun","अर्जुन"
"armaan","अरमान"
"arman","अरमान"
"armita","अर्मिता"
"arnab","अर्णब"
"arnabjit","अर्णबजित"
"arnav","अर्णव"
"arpit","अर्पित"
"arpna","अर्पणा"
"arsad","अर्सद"
"arsh","अर्श"
"arshad","अर्शाद"
"arthi","आर्थी"
"arti","आरती"
"aru","अरु"
"aruna","अरुणा"
"arundita","अरुण्डिता"
"aruni","अरुणि"
"arunima","अरुणिमा"
"arunkumar","अरुनकुमार"
"arvind","अरविंद"
"aryan","आर्यन"
"asagar","आसगर"
"asana","आसना"
"asarfi","आसरफी"
"asfaq","असफाक"
"asgar","आसगर"
"asgari","आसगरी"
"ashak","आशक"
"ashanjali","आशांजलि"
"asharani","आशारानी"
"ashfaq","अशफाक"
"ashik","आशिक"
"ashima","आशिमा"
"ashish","आशीष"
"ashishi","आशीशी"
"ashiya","आशिया"
"ashmin","आश्मिन"
"asho","आशो"
"ashok","अशोक"
"ashrabi","आशराबी"
"ashraf","आशरफ"
"ashrfi","आशरफी"
"ashtha","आश्था"
"ashu","आशु"
"asi","आसी"
"asif","आसिफ"
"asish","आसीश"
"asiya","आसिया"
"aslam","आसलम"
"asma","आसमा"
"asman","आसमान"
"asmina","आस्मिना"
"asmit","आस्मित"
"asmita","आस्मिता"
"asrani","असरानी"
"asrf","आसर्फ"
"atif","आतिफ"
"atiq","अतिक"
"atish","आतिश"
"atitaj","अतितज"
"atta","अत्ता"
"attar","अत्तर"
"atu","आतु"
"atul","अतुल"
"avadh","अवध"
"avastha","अवस्था"
"avdesh","अवदेश"
"avdhesh","अवधेश"
"avi","आवी"
"avid","आविद"
"avinsh","अविन्श"
"avnish","अवनीश"
"avnit","अवनित"
"avtar","अवतार"
"ayan","अयन"
"ayesha","आयेशा"
"ayube","अयूब"
"ayush","आयुष"
"ayushi","आयुषी"
"baam","बाम"
"babar","बाबर"
"babbi","बाबी"
"babbu","बब्बू"
"babby","बैबी"
"babli","बबली"
"babloo","बब्लू"
"bablu","बबलू"
"babu","बाबू"
"babul","बबूल"
"babulal","बबूलाल"
"baburam","बाबुराम"
"baby","बेबी"
"baccha","बच्चा"
"bacche","बच्चे"
"bacchu","बच्चू"
"bachhu","बच्छू"
"bada","बड़ा"
"badal","बादल"
"badan","बदन"
"badri","बद्री"
"badrinath","बद्रिनाथ"
"badru","बद्रु"
"badrudeen","बदरुद्दीन"
"badrulla","बदरुल्ला"
"badrunisha","बद्रुनिशा"
"badshya","बदश्या"
"baga","बागा"
"bagaram","बगराम"
"bagga","बग्गा"
"baggusingh","बग्गूसिंह"
"bahadur","बहादुर"
"bahalen","बहालें"
"bahart","बहर्त"
"bahnu","बहनु"
"bahrat","बाहरत"
"baichan","बैचन"
"baijnath","बैजनाथ"
"bairang","बैरंग"
"baita","बैता"
"bajaj","बजाज"
"bajinder","बाजिंदर"
"bajrang","बजरंग"
"bajrangi","बजरंगी"
"bajulal","बाजूलाल"
"bake","बेक"
"bakhtvaar","बख्तवार"
"bakila","बकीला"
"bakshi","बाख़्शी"
"baksi","बक्सि"
"bal","बल"
"bala","बाला"
"balalia","बलालिया"
"balam","बालम"
"balaram","बलराम"
"balbir","बलबीर"
"balchand","बलचंद"
"baldev","बलदेव"
"bali","बाली"
"baljeet","बलजीत"
"baljinder","बलजिंदर"
"balkishan","बलकिशन"
"ballu","बल्लू"
"balmiki","बालमिकी"
"balram","बलराम"
"balveer","बलवीर"
"balvinder","बलविंदर"
"banarsi","बनारसी"
"bandana","बंदना"
"bandani","बंदनी"
"bandu","बंदू"
"banita","बनिता"
"baniya","बनिया"
"bannu","बन्नू"
"banshi","बांशी"
"bansi","बंसी"
"bansilal","बंसीलाल"
"banti","बंती"
"bantu","बंतू"
"banty","बंती"
"banu","बानू"
"bapu","बापू"
"barakha","बरखा"
"barj","बार्ज"
"barjraj","बार्जराज"
"barti","बारती"
"basant","बसंत"
"bashanti","बाशांती"
"bashudev","बशुदेव"
"basiran","बसीरां"
"basnti","बसंती"
"batasi","बाटसी"
"batloon","बाटलू"
"batu","बाटू"
"baudi","बौदी"
"bavita","बविता"
"beby","बेबी"
"bechan","बेचन"
"beekar","बीकर"
"beenu","बीनू"
"beera","बीरा"
"beeram","बीराम"
"beeru","बीरू"
"begam","बेगम"
"begumpur","बेगमपुर"
"bela","बेला"
"belo","बेलो"
"benay","बेनय"
"beni","बेनी"
"benjir","बेंजीर"
"benu","बेनू"
"beragi","बेरागी"
"beti","बेटी"
"bhabhav","भभव"
"bhabhiya","भाभीया"
"bhaddal","भाड़ाल"
"bhadur","भादुर"
"bhag","भाग"
"bhagat","भगत"
"bhagchand","भागचंद"
"bhaggo","भग्गो"
"bhagipuri","भगीपुरी"
"bhagirath","भागीरथ"
"bhagirathi","भागीरथी"
"bhagvaan","भगवान"
"bhagvati","भगवती"
"bhagwan","भगवान"
"bhahadur","भाहादुर"
"bhajandeep","भजनदीप"
"bhajju","भज्जू"
"bhala","भला"
"bhalaram","भलाराम"
"bhan","भान"
"bhani","भानी"
"bhanot","भनोट"
"bhanu","भानु"
"bhanupriya","भानुप्रिया"
"bhanvar","भंवर"
"bharat","भारत"
"bhargav","भार्गव"
"bhargava","भार्गव"
"bharkah","भार्कह"
"bharkha","भारखा"
"bharma","भर्मा"
"bhart","भारत"
"bhartendu","भरतेन्दु"
"bharti","भारती"
"bhaskar","भास्कर"
"bhasker","भास्कर"
"bhateri","भातेरी"
"bhauk","भौक"
"bhavana","भवना"
"bhavisaya","भविसय"
"bhavishya","भविष्य"
"bhavna","भावना"
"bhavuk","भावुक"
"bhavya","भाव्य"
"bhemji","भेमजी"
"bherav","भेरव"
"bhiki","भिकी"
"bhim","भीम"
"bhima","भीमा"
"bhimsen","भीमसेन"
"bhisan","भिसान"
"bhismpal","भिस्मपाल"
"bhiva","भिवा"
"bhojaram","भोजराम"
"bhojpal","भोजपाल"
"bholaram","भोलाराम"
"bholi","भोली"
"bhonu","भोनू"
"bhoopsingh","भूपसिंह"
"bhopal","भोपाल"
"bhotra","भोत्रा"
"bhram","भ्रम"
"bhramanand","भ्रमानंद"
"bhrat","भ्रात"
"bhrkat","भ्रकट"
"bhteri","भटेरी"
"bhud","भूद"
"bhudev","भुदेव"
"bhudevi","भुदेवी"
"bhudhashen","भूधशेन"
"bhudhi","भूधी"
"bhulaee","भुलाई"
"bhulan","भूलन"
"bhuli","भुली"
"bhumika","भूमिका"
"bhundki","भुंडकी"
"bhup","भूप"
"bhupen","भूपेन"
"bhupesh","भूपेश"
"bhura","भूरा"
"bhuralal","भूरालाल"
"bhure","भूरे"
"bhuri","भूरी"
"bhusan","भूषण"
"bhushan","भूषण"
"bhuvanesh","भुवनेश"
"bidami","बिदामी"
"bidur","विदुर"
"bijali","बिजली"
"bijander","बिजंदर"
"bijendra","बिजेन्द्र"
"bikki","बिक्की"
"bikram","बिक्रम"
"bilal","बिलाल"
"bilke","बिल्के"
"bilkis","बिल्किस"
"bima","बिमा"
"bimla","बिमला"
"bimlesh","बिमलेश"
"bina","बीना"
"binani","बिनानी"
"binda","बिंडा"
"binder","बिंदर"
"bindi","बिंदी"
"bindiya","बिंदिया"
"bindu","बिंदु"
"bindvasini","बिन्दवासिनी"
"binja","बिंजा"
"binnu","बिन्नू"
"bintu","बिंतु"
"binu","बीनू"
"birajbhushan","बीराजभूषण"
"biram","बिराम"
"birbal","बीरबल"
"birender","बिरेन्द्र"
"birgesh","बीरगेश"
"birij","बिरिज"
"birjesh","बिर्जेश"
"birmadevi","बिरमादेवी"
"bironica","बिरोनिका"
"birpal","बीरपाल"
"biru","बीरू"
"bishana","बिस्हना"
"bishun","बिसन"
"bisto","बिस्तो"
"bitoo","बिटू"
"bitto","बिट्टो"
"bittu","बित्तु"
"bobbi","बोब्बी"
"bobby","बॉबी"
"bobi","बोबी"
"bodh","बोध"
"bohati","बोहती"
"braham","ब्रह्म"
"brahamprakash","ब्रह्मप्रकाश"
"brahmanand","ब्रह्मानंद"
"braj","ब्रज"
"brijesh","बृजेश"
"brijlal","बृजलाल"
"brijmohan","बृजमोहन"
"bsram","बसराम"
"buddha","बुद्ध"
"buddhi","बुद्धि"
"budh","बुध"
"budhan","बुधन"
"budhi","बुधी"
"budho","बुधो"
"budhram","बुधराम"
"budhu","बुधू"
"buhan","बुहन"
"bulad","बुलाद"
"bulbul","बुलबुल"
"bulet","बुलेट"
"bunda","बुंदा"
"bunti","बुंटी"
"bunty","बंटी"
"bushra","बुश्रा"
"busness","बिजनेस"
"busra","बुसरा"
"captain","कप्तान"
"chahat","चाहत"
"chaitany","चैतन"
"chajju","चज्जू"
"chakra","चक्र"
"chama","चम्मा"
"chamanlal","चमनलाल"
"champa","चम्पा"
"chanchal","चंचल"
"chanchl","चंचल"
"chanda","चांदा"
"chandabai","चंदाबाई"
"chandan","चंदन"
"chandani","चंदनी"
"chandar","चंदर"
"chander","चंदेर"
"chanderbal","चंदेरबाल"
"chanderkala","चंद्रकला"
"chanderkali","चंद्रकली"
"chandermani","चन्द्रमणि"
"chanderpal","चंद्रपाल"
"chandini","चंदिनी"
"chandni","चांदनी"
"chandpreet","चंदप्रीत"
"chandra","चंद्रा"
"chandradev","चंद्रदेव"
"chandrakala","चंद्रकला"
"chandrashekhar","चंद्रशेखर"
"chandrika","चंद्रिका"
"chandu","चंदू"
"chappla","चप्पला"
"charan","चारण"
"charnjeet","चारनजीत"
"charu","चारु"
"chatan","चटन"
"chatar","चाटर"
"chaterpal","चटरपाल"
"chatter","चटर"
"chaturbhuj","चतुर्भुज"
"chaya","छाया"
"cheddi","चेड्डी"
"cheete","चीते"
"chet","चेत"
"chetan","चेतन"
"chetanram","चेतनराम"
"chetna","चेतना"
"chetram","चेतराम"
"chhabil","छाबिल"
"chhagan","छगन"
"chhano","छानो"
"chhanoyar","छानोयार"
"chhantu","छंटू"
"chhanya","छान्या"
"chhatar","छतर"
"chhavi","छवि"
"chhaya","छाया"
"chhedilal","छेड़ीलाल"
"chhitar","छितर"
"chhotelal","छोटेलाल"
"chhoti","छोटी"
"chhotudevi","छोटुदेवी"
"chinki","चिंकी"
"chinku","चिंकू"
"chinta","चिंता"
"chintu","चिंटू"
"chinu","चीनू"
"chirag","चिराग"
"chitprit","चितप्रीत"
"chitra","चित्र"
"chitrangada","चित्रांगदा"
"chitrangan","चित्रांगन"
"chitro","चित्रो"
"chitu","चिटू"
"chnada","चंदा"
"chnda","चंदा"
"chndrakla","चंद्रकला"
"chom","चोम"
"chootu","चूटू"
"chopra","चोप्र"
"chorag","चोरग"
"chotan","चोटन"
"chote","चोटे"
"chotelal","चोटेलाल"
"chotibai","छोटीबाई"
"chotti","छोट्टी"
"chottu","छोट्टू"
"choturam","छोटूराम"
"chran","चरण"
"chtar","चटार"
"chtarpal","चटारपाल"
"chumki","चुमकी"
"chuni","चुनी"
"chunnu","चुन्नू"
"chura","चूरा"
"constable","कांस्टेबल"
"cosmic","ब्रह्मांडीय"
"dabbu","डब्बू"
"dabu","दबू"
"dakch","डाक्च"
"daksh","दक्ष"
"dakshesh","दक्षेश"
"dakshina","दक्षिणा"
"dakshya","दक्ष्य"
"dal","दल"
"dalchand","दलचंद"
"daler","डालर"
"dalima","डलीमा"
"dalip","डालीप"
"daljeet","डालजीत"
"daljit","डालजीत"
"dalpat","दलपत"
"dama","दमा"
"daman","दामन"
"damini","दामिनी"
"damodar","दामोदर"
"dana","दना"
"daniel","डैनियल"
"danish","दानिश"
"danista","दानिस्ता"
"dara","दरा"
"darfasha","दार्फ़शा"
"darkash","दर्काश"
"darshan","दर्शन"
"darshana","दर्शना"
"darshna","दर्शना"
"dasharath","दशरथ"
"data","डेटा"
"dataterya","डेटाटेर्या"
"dauad","दावद"
"dauji","दाऊजी"
"daulat","दौलत"
"daveena","दवीना"
"davender","दवेन्द्र"
"davendra","दवेन्द्र"
"daya","दया"
"deeksha","दीक्षा"
"deelip","दीलीप"
"deen","दीन"
"deepa","दीपा"
"deepaak","दीपाक"
"deepak","दीपक"
"deepali","दीपाली"
"deepanker","दीपांकेर"
"deepanshi","दीपांशी"
"deepanti","दीपांति"
"deepchand","दीपचंद"
"deepi","डीपी"
"deepika","दीपिका"
"deepka","डीपका"
"deepmala","दीपमाला"
"deepnarayan","दीपनारायण"
"deepshikha","दीपशिखा"
"deepti","दीप्ति"
"deepu","दीपु"
"deepvhand","दीपव्हंड"
"deeraj","दीराज"
"deerendra","दीरेंद्र"
"deeya","दीया"
"denesh","देनेश"
"deou","डेओउ"
"depali","देपाली"
"depander","डीपांडर"
"deshraj","देशराज"
"dev","देव"
"devansh","देवांश"
"devanti","देवांती"
"devashish","देवशीष"
"devasish","देवासीष"
"devendr","देवेंद्र"
"devendra","देवेंद्र"
"devendri","देवेंद्री"
"devesh","देवेश"
"devid","देविद"
"devideen","देवीदीन"
"devik","देवीक"
"devika","देवीका"
"devilal","देवीलाल"
"devinder","देविन्दर"
"devkali","देवकली"
"devki","देवकी"
"devkran","देवक्रान"
"devli","देवली"
"devpal","देवपाल"
"devya","देव्या"
"devyani","देव्यानी"
"dewan","देवान"
"deyji","देयजी"
"dhakhadevi","धाखादेवी"
"dhamender","धामेंद्र"
"dhamini","धामिनी"
"dhan","धन"
"dhananjai","धनंजय"
"dhananjay","धनंजय"
"dhani","धनी"
"dhanjay","धनजय"
"dhanna","धन्ना"
"dhanpat","धनपति"
"dhanpati","धनपति"
"dhanraj","धनराज"
"dhanu","धनु"
"dhapu","धापू"
"dhara","धरा"
"dharam","धर्म"
"dharamender","धर्मेंद्र"
"dharamveer","धर्मवीर"
"dharamvir","धर्मवीर"
"dharm","धर्म"
"dharma","धर्मा"
"dharmbir","धर्मबीर"
"dharmender","धर्मेंद्र"
"dharmendera","धर्मेन्द्र"
"dharmendra","धर्मेन्द्र"
"dharminder","धर्मिंद्र"
"dharmpal","धर्मपाल"
"dharmraj","धर्मराज"
"dharmshila","धर्मशीला"
"dharvesh","धर्मवेश"
"dheeraj","धीरज"
"dheerendra","धीरेंद्र"
"dhermendra","धर्मेन्द्र"
"dhirpal","धीरपाल"
"dhiru","धीरू"
"dhisa","धिसा"
"dhmendar","धमेंद्र"
"dhodi","धोड़ी"
"dhola","धोला"
"dhrama","धरमा"
"dhrambir","धर्मबीर"
"dhrampal","ध्रमपाल"
"dhrampla","धर्मप्ला"
"dhramveer","धर्मवीर"
"dhreej","ध्रीज"
"dhrmveer","धर्मवीर"
"dhruv","ध्रुव"
"dhulin","धूलिन"
"dhurender","धुरेन्द्र"
"dhurpati","धुर्पति"
"dhuruv","धुरुव"
"dhurv","धुर्व"
"dhurve","धुर्वे"
"dibakar","दिबाकर"
"dibya","दिब्या"
"digamber","दिगंबर"
"digvijay","दीग्विजय"
"diksha","दीक्षा"
"dikshant","दीक्षांत"
"dil","दिल"
"dila","दिला"
"dilbar","दिलबर"
"dilish","दिलिश"
"diljan","दिलजान"
"dilkush","दिलकुश"
"dilsad","दिलसाद"
"dilshadi","दिलशादी"
"dilshana","दिलशाना"
"dilvar","दिलवर"
"dimpal","दिम्पल"
"dimple","डिम्पल"
"dineesh","दिनीश"
"dinesh","दिनेश"
"dinkar","दिनकर"
"dipa","दीपा"
"dipak","दीपक"
"dipali","दिपाली"
"dipanshi","दीपांशी"
"dipanshu","दीपांशु"
"dipansu","दीपांसु"
"dipendra","दीपेन्द्र"
"dipesh","दीपेश"
"dipu","दीपू"
"dirgaj","दीर्गज"
"disha","दिशा"
"dishant","दिशांत"
"dishu","दीशू"
"divaie","दिवई"
"divansh","दिवांश"
"divaraj","दिवराज"
"divy","दिव्य"
"divya","दिव्या"
"divyansh","दिव्यांश"
"diya","दिया"
"dolat","दौलत"
"doli","डोली"
"dolley","डॉली"
"dolly","डॉली"
"dolo","डोलो"
"doly","डॉली"
"doodhnath","दूधनाथ"
"dorilal","डोरीलाल"
"doulat","दौलत"
"dropati","द्रोपति"
"dropti","द्रोप्ती"
"druga","द्रुगा"
"dukhi","दुखी"
"dulal","दुलाल"
"dulichand","दुलीचंद"
"dumani","दुमानी"
"dumnik","दुमनिक"
"duni","दुनी"
"dur","दुर"
"duraga","दुरगा"
"durg","दुर्ग"
"durga","दुर्गा"
"durgabai","दुर्गाबाई"
"durgalal","दुर्गालाल"
"durganand","दुर्गानंद"
"durgash","दुर्गाश"
"durgesh","दुर्गेश"
"durvesh","दुर्वेश"
"dushyant","दुष्यंत"
"dutta","दत्ता"
"dvndavva","द्वंदवा"
"dya","द्या"
"ebane","इबाने"
"edris","एद्रिस"
"eesha","ईशा"
"eeshaan","ईशान"
"eeshan","ईशन"
"eeshani","ईशनि"
"eila","ईला"
"eka","एका"
"ekamjeet","एकमजीत"
"ekata","एकता"
"eklavya","एकलव्य"
"ekta","एकता"
"ektah","एक्तह"
"eldro","एल्ड्रो"
"englas","इंग्लस"
"esha","एशा"
"eshaan","ईशान"
"eshwar","ईश्वर"
"esrail","एस्राइल"
"evan","एवन"
"fahira","फाहिरा"
"faijal","फैजल"
"faijina","फ़ैज़िना"
"fakrrudeen","फक्रुद्दीन"
"falguni","फ़ाल्गुनी"
"fanni","फन्नी"
"faqir","फ़क़ीर"
"farhan","फ़रहान"
"farida","फ़रीदा"
"firoz","फिरोज़"
"firoza","फिरोज़ा"
"firuz","फिरुज़"
"fitrat","फितरत"
"fiza","फ़िज़ा"
"for","फॉर"
"foranti","फॉरन्टी"
"gaffar","गफ्फार"
"gagan","गगन"
"gagandeep","गगनदीप"
"gajala","गजला"
"gajana","गजना"
"gajender","गजेन्द्र"
"gajla","गजला"
"gali","गली"
"galiya","गलिया"
"galu","गलू"
"gambhir","गंभीर"
"gamer","गेमर"
"gandh","गंध"
"gandhar","गंधर"
"gandhi","गांधी"
"ganeshi","गणेशी"
"ganga","गंगा"
"gangaram","गंगाराम"
"gango","गंगो"
"ganita","गणिता"
"ganpati","गणपति"
"ganpatram","गणपतराम"
"gantantra","गणतंत्र"
"garg","गार्ग"
"garib","गरीब"
"garima","गरिमा"
"garupal","गरुपाल"
"garv","गर्व"
"gattu","गट्टू"
"gaura","गौरा"
"gaurav","गौरव"
"gauravgil","गौरवगिल"
"gautam","गौतम"
"gautami","गौतमि"
"gayatri","गायत्री"
"gaytree","गायत्री"
"gaytri","गायत्री"
"geernish","गीर्नीश"
"geesa","गीसा"
"geet","गीत"
"geeta","गीता"
"geetanjali","गीतांजलि"
"geetika","गीतिका"
"gen","जेन"
"genda","गेंदा"
"gendi","गेंदी"
"gendu","गेंडू"
"ghanshayam","घनश्याम"
"ghanshyam","घनश्याम"
"ghansyam","घन्स्याम"
"ghantoli","घंटोली"
"ghasiram","घसीराम"
"gheesa","घीसा"
"gila","गिला"
"gilbahar","गिलबहार"
"giri","गिरि"
"girija","गिरिजा"
"giriraj","गिरिराज"
"girish","गिरीश"
"girishchandra","गिरीशचंद्र"
"girishi","गिरिशी"
"girja","गिरिजा"
"girjesh","गिर्जेश"
"girraj","गिरिराज"
"gita","गीता"
"gitanjali","गीतांजली"
"gitika","गीतिका"
"givinda","गिविन्दा"
"gjender","जेंडर"
"godambari","गोदांबरी"
"gokul","गोकुल"
"goldan","गोल्डन"
"golden","गोल्डन"
"goldi","गोल्डी"
"goldy","गोल्डी"
"gollu","गोल्लू"
"golu","गोलू"
"gomati","गोमती"
"gomti","गोमती"
"gona","गोना"
"goopi","गूपी"
"gopal","गोपाल"
"gopesh","गोपेश"
"gopi","गोपी"
"gora","गोरा"
"gordhan","गोरधन"
"gori","गोरी"
"goruav","गोरुव"
"gorv","गोर्व"
"gosia","गोसिया"
"gotiya","गोटिया"
"gourav","गौरव"
"gouri","गौरी"
"goutam","गौतम"
"govind","गोविंद"
"govinda","गोविंदा"
"grace","ग्रेस"
"grish","ग्रीष"
"grpreet","गुरप्रीत"
"gruchran","ग्रुचरण"
"guddi","गुड्डी"
"guddibai","गुड्डीबाई"
"guddo","गुड्डो"
"guddu","गुड्डू"
"gudiya","गुड़िया"
"gudya","गुड़्या"
"gufraan","गुफरान"
"gufran","गुफरान"
"gul","गुल"
"gulabsa","गुलाबसा"
"gulafsa","गुलाफसा"
"gulafsha","गुलाफशा"
"gulafshan","गुलाफशान"
"gulam","गुलाम"
"gulfam","गुलफ़ाम"
"gulfara","गुलफ़ारा"
"gulfasha","गुलफ़शा"
"gulfsal","गुल्फ़सल"
"guljan","गुलजान"
"guljar","गुलजार"
"gulnaj","गुलनाज"
"gulnanj","गुलनांज"
"gulpacha","गुलपाचा"
"gulran","गुलरान"
"gulsha","गुलशा"
"gulshad","गुलशाद"
"gulshafa","गुलशफा"
"gulshan","गुलशन"
"gulshana","गुलशना"
"gulsher","गुलशेर"
"guman","गुमान"
"guni","गुनी"
"gunjan","गुंजन"
"gur","गुरु"
"gurbachan","गुरबचन"
"gurcharan","गुरचरण"
"gurdarshan","गुरदर्शन"
"gurdayal","गुरुदयाल"
"gurdeep","गुरुदीप"
"gurfaan","गुरफ़ान"
"gurjit","गुरुजीत"
"gurlal","गुरुलाल"
"gurmeet","गुरमीत"
"gurmit","गुरमीत"
"gurnam","गुरुनाम"
"gurpreet","गुरुप्रीत"
"gurprit","गुरुप्रीत"
"gursimaran","गुरुसिमरन"
"guru","गुरु"
"gurupreet","गुरुप्रीत"
"guruvachan","गुरुवचन"
"gutam","गुतम"
"gyaan","ज्ञान"
"gyan","ज्ञान"
"gyanender","ज्ञानेन्द्र"
"gyarsi","ज्ञार्सी"
"gytri","ज्ञात्री"
"habib","हबीब"
"habiba","हबीबा"
"hadisha","हदीशा"
"hagami","हगामी"
"haider","हैदर"
"hailena","हेलेना"
"hajari","हजारी"
"hajrat","हजरत"
"hajrati","हजरती"
"hakam","हकम"
"halima","हलीमा"
"haliya","हलिया"
"halkuji","हलकूजी"
"hament","हमेंट"
"hamida","हमीदा"
"hamsiran","हमसीरण"
"haneef","हनीफ"
"hani","हानी"
"hanif","हनीफ"
"hanish","हनीश"
"hanshraj","हंशराज"
"hansraj","हंशराज"
"hanuman","हनुमान"
"harak","हरक"
"hararat","हरारत"
"harbanschauhan","हरबंसचौहान"
"harbhajan","हरभजन"
"harbinder","हरबिंदर"
"harbir","हरबीर"
"hardas","हरदास"
"hardass","हरदास"
"hardeep","हरदीप"
"hardev","हरदेव"
"hare","हरे"
"harees","हरीस"
"harendra","हरेंद्र"
"hari","हरि"
"harib","हरिब"
"harichand","हरिचंद"
"hariesh","हरिएश"
"hariharan","हरिहरन"
"harimohan","हरिमोहन"
"harinarayan","हरिनारायन"
"harinath","हरिनाथ"
"harinder","हरिंदर"
"hariram","हरिराम"
"harish","हरीश"
"harishankar","हरिशंकर"
"harishen","हरिशेन"
"harison","हरिसन"
"harjeet","हरजीत"
"harkesh","हरकेश"
"harman","हरमन"
"harmeet","हरमीत"
"harnam","हरनाम"
"harneet","हरनीत"
"harpal","हरपाल"
"harprasad","हरप्रसाद"
"harpreet","हरप्रीत"
"harprit","हरप्रीत"
"harry","हैरी"
"harsha","हर्ष"
"harshad","हर्षद"
"harshdeep","हर्षदीप"
"harshi","हर्षी"
"harshit","हर्षित"
"harshita","हर्षिता"
"harshmeet","हर्षमीत"
"harun","हरून"
"harvans","हरवंस"
"harvansh","हरवंश"
"harvinder","हरविंदर"
"harvindra","हरविंद्र"
"hasan","हसन"
"hasbul","हसबुल"
"haseen","हसीन"
"haseena","हसीना"
"hashim","हाशिम"
"hasibul","हासिबुल"
"hasibullah","हासिबुल्लाह"
"hasina","हसीना"
"hasir","हासिर"
"heena","हीना"
"heera","हीरा"
"heeralal","हीरालाल"
"hemal","हेमल"
"hemali","हेमलि"
"hemani","हेमानी"
"hemanshu","हेमांशु"
"hemant","हेमंत"
"hemavanti","हेमवंती"
"hemlat","हेमलत"
"hemlata","हेमलता"
"hemleta","हेमलेटा"
"hemraj","हेमराज"
"hemuna","हेमुना"
"hena","हेना"
"hera","हेरा"
"hetal","हेतल"
"hifjul","हिफ्जुल"
"himani","हिमानी"
"himanshi","हिमांशी"
"himanshu","हिमांशु"
"himansu","हिमांसु"
"himashu","हिमाशु"
"himmat","हिम्मत"
"hina","हीना"
"hira","हिरा"
"hiralal","हीरालाल"
"hiramani","हिरमणी"
"hiri","हिरी"
"hisamuddin","हिसामुद्दीन"
"hiten","हितेन"
"hitender","हितेंद्र"
"hitesh","हितेश"
"hom","होम"
"honey","हनी"
"hongsi","होंग्सी"
"hoor","हूर"
"horam","होरम"
"hrithik","ह्रितिक"
"hritik","हृतिक"
"hukam","हुकम"
"hukamchand","हुकमचंद"
"hukma","हुक्मा"
"hukum","हुकुम"
"huma","हुमा"
"humera","हुमेरा"
"husainpreet","हुसैनप्रीत"
"husana","हुसना"
"huseni","हुसैनी"
"husina","हुसैना"
"husnara","हुसनारा"
"husno","हुसनो"
"hussain","हुसैन"
"hyatun","ह्यातुन"
"iarfan","ईरफान"
"ibarhim","इबरहीम"
"ibraham","इब्राहम"
"ibraheem","इब्राहीम"
"iema","ईमा"
"iesha","ईशा"
"ikara","इकरा"
"ikramuddin","इकरामुद्दीन"
"ikramudeen","इकरामुद्दीन"
"ilma","इल्मा"
"ilyas","इलयास"
"imam","इमाम"
"imamuddin","इमामुद्दीन"
"imamudeen","इमामुदीन"
"imran","इमरान"
"imrana","इमराना"
"incee","इंसी"
"inda","इंदा"
"indal","इंडल"
"indara","इंडारा"
"inder","इंदर"
"inderjeet","इंदरजीत"
"inderjit","इंदरजीत"
"indernath","इंद्रनाथ"
"inderpaal","इंद्रपाल"
"indira","इंदिरा"
"indra","इंद्र"
"indraj","इंद्राज"
"indresh","इंद्रेश"
"indrvati","इंद्रवती"
"indta","इंदता"
"insaf","इंसाफ"
"iqarar","इक़रार"
"iqbal","इक़बाल"
"iqra","इक़रा"
"iqram","इक़राम"
"iqrar","इक़रार"
"ira","इरा"
"iram","इराम"
"irfa","इरफ़ा"
"irshad","इरशाद"
"irtu","इरतु"
"ish","इश"
"isha","ईशा"
"ishaan","ईशान"
"ishaanvi","ईशान्वि"
"ishan","इशान"
"ishana","इशन"
"ishani","ईशानी"
"ishanvi","ईशान्वि"
"isharar","ईशारार"
"ishatkar","ईशतकर"
"ishika","ईशिका"
"ishita","ईशिता"
"ishmita","ईश्मिता"
"ishrana","ईशराना"
"ishrat","इशरत"
"ishu","ईशु"
"ishwar","ईश्वर"
"isika","इसिका"
"islam","इस्लाम"
"islamuddin","इस्लामुद्दीन"
"islamudin","इस्लामुदीन"
"isnesh","इसनेश"
"isthar","इस्थार"
"istkhar","इस्तख़ार"
"istyak","इस्त्याक"
"istyara","इस्त्यारा"
"iyer","अय्यर"
"jaanki","जानकी"
"jaanu","जानू"
"jabbar","जब्बार"
"jabir","जबीर"
"jacky","जैकी"
"jacob","जेकब"
"jafar","जफ़र"
"jafrin","जफरिन"
"jag","जग"
"jaga","जगा"
"jagadish","जगदीश"
"jagan","जगन"
"jagannath","जगन्नाथ"
"jagbir","जगबीर"
"jagdamba","जगदम्बा"
"jagdambika","जगदम्बिका"
"jagdeep","जगदीप"
"jagdeesh","जगदीश"
"jagdish","जगदीश"
"jagmal","जगमल"
"jagmohan","जगमोहन"
"jagnath","जगनाथ"
"jagpati","जगपति"
"jagrati","जाग्रति"
"jagrti","जगरति"
"jagruti","जागरूति"
"jagtap","जगताप"
"jagtar","जगतार"
"jagviri","जगवीरी"
"jahagir","जहगीर"
"jahan","जहां"
"jahani","जहानी"
"jahgeer","जहगीर"
"jahid","जाहिद"
"jahirul","जाहिरुल"
"jai","जय"
"jaibir","जयबीर"
"jaichand","जयचंद"
"jaidev","जयदेव"
"jaidul","जयदुल"
"jaiguna","जयगुण"
"jaijairam","जयजयराम"
"jaimala","जयमाला"
"jaimata","जयमाता"
"jain","जैन"
"jaina","जैन"
"jainab","जैनब"
"jainaf","जैनफ"
"jaini","जैनी"
"jainub","जैनुब"
"jaipal","जयपाल"
"jaiprkesh","जयप्रकेश"
"jairam","जयराम"
"jaishmin","जैश्मिन"
"jaisigh","जैसिघ"
"jaismeen","जैस्मीन"
"jaiveer","जैवीर"
"jaivind","जैविंद"
"jakh","जाख"
"jakir","जाकिर"
"jalmi","जाल्मी"
"jalsingh","जलसिंह"
"jamaal","जमाल"
"jamadar","जमादार"
"jamal","जमाल"
"jamee","जमी"
"jameela","जमीला"
"jameer","जमीर"
"jamila","जमीला"
"jamir","जमीर"
"jamna","जमना"
"jamnaa","जमना"
"jamshed","जमशेद"
"jamuna","जमुना"
"janak","जनक"
"janam","जनम"
"janesh","जनेश"
"jang","जंग"
"janki","जानकी"
"jankidas","जनकिदास"
"janmesh","जनमेश"
"janta","जनता"
"jantarpal","जंतर्पाल"
"januka","जनुका"
"janvi","जन्वी"
"japneet","जपनीत"
"jaquir","जाकिर"
"jareena","जरीना"
"jarif","जरीफ"
"jarim","जरीम"
"jarnail","जरनेल"
"jasbir","जसबीर"
"jashgul","जशगुल"
"jashinal","जाशिनल"
"jasim","जासिम"
"jasina","जसिना"
"jaskaran","जसकरन"
"jaskirat","जसकिरत"
"jasleen","जसलीन"
"jaslin","जसलीन"
"jasmeet","जसमीत"
"jasmen","जस्मेन"
"jasmina","जसमिना"
"jasoda","जसोदा"
"jaspal","जसपाल"
"jassi","जस्सी"
"jasveen","जसवीन"
"jat","जट"
"jatan","जटन"
"jatin","जतिन"
"jatinder","जटिन्द्र"
"javed","जावेद"
"javid","जाविद"
"javitri","जवित्री"
"jay","जय"
"jaya","जया"
"jayantadass","जयंतदास"
"jayanti","जयंती"
"jayda","जायदा"
"jaydurga","जयदुर्गा"
"jayesh","जयेश"
"jaynarayan","जयनारायण"
"jayoti","जयोति"
"jayotli","जयोत्ली"
"jayshing","जयशिंग"
"jayuti","जयुती"
"jebi","जेबी"
"jeenat","जीनत"
"jeeren","जीरेन"
"jeeshan","जीशान"
"jeet","जीत"
"jeete","जीते"
"jeetu","जीतू"
"jeevan","जीवन"
"jenab","जेनाब"
"jenifer","जेनिफर"
"jenny","जेनी"
"jeta","जेटा"
"jetender","जेटेंडर"
"jethalal","जेठालाल"
"jgdish","जेजीडीआईएसएच"
"jhaban","झाबन"
"jhagdoo","झगड़ू"
"jhakar","झाकर"
"jhalla","झल्ला"
"jhanjhariya","झांझरिया"
"jhora","झोरा"
"jhoti","झोटी"
"jhuhi","झूही"
"jhuma","झूमा"
"jhumki","झुमकी"
"jhunna","झुन्ना"
"jhunnu","झुन्नू"
"jibanti","जिबंती"
"jile","जिले"
"jimi","जिमी"
"jimmi","जिम्मी"
"jina","जीना"
"jinat","जीनात"
"jincy","जिन्सी"
"jioty","जियोटी"
"jisaan","जिसान"
"jisan","जिसान"
"jishan","जिशान"
"jishant","जिशांत"
"jisu","जीसु"
"jit","जीत"
"jitan","जीतन"
"jitender","जीतेंदर"
"jitendr","जीतेंद्र"
"jitendra","जीतेंद्र"
"jitesh","जितेश"
"jittender","जितेंदर"
"jitu","जीतू"
"jiya","जिया"
"jiyaul","जियाउल"
"job","जॉब"
"jockyipai","जोकीपाई"
"jodhi","जोधी"
"jogender","जोगेंदर"
"joginder","जोगिंदर"
"joholal","जोहोलाल"
"joity","जोइटी"
"jon","जोन"
"joni","जोनी"
"joohi","जूही"
"joria","जोरिया"
"jorj","जॉर्ज"
"joshi","जोशी"
"joshna","जोश्ना"
"jot","जोट"
"jotyi","जोत्यी"
"joy","जॉय"
"joyaa","जोया"
"joyate","जोयेट"
"joycee","जॉयसी"
"joydeep","जयदीप"
"joyti","जोयती"
"jubaira","जुबैरा"
"jubeda","जुबेदा"
"jugal","जुगल"
"jugan","जुगन"
"jugani","जुगनी"
"jugender","जगेंदर"
"juhi","जूही"
"julee","जूली"
"julekha","जुलेखा"
"julfi","जुल्फी"
"julficar","जुल्फिकर"
"juli","जूली"
"jumman","जुम्मान"
"jumrati","जुमरती"
"juneb","जुनेब"
"junna","जुन्ना"
"justin","जस्टिन"
"jyoti","ज्योति"
"jyotika","ज्योतिका"
"jyotsana","ज्योत्सना"
"kaamini","कामिनी"
"kaarti","कार्ति"
"kabid","कबीद"
"kabir","कबीर"
"kabita","कविता"
"kabul","काबुल"
"kadambari","कादम्बरी"
"kadir","कादिर"
"kafia","काफिया"
"kaif","कैफ"
"kaifiya","कैफिया"
"kailash","कैलाश"
"kailashi","कैलाशी"
"kailesh","कैलेश"
"kaishav","कैशव"
"kajar","काजर"
"kajol","काजोल"
"kajul","काजुल"
"kalan","कलान"
"kalashi","कलशी"
"kalayan","कलयान"
"kaleem","कलीम"
"kaleram","कलेराम"
"kalesh","कलेश"
"kali","काली"
"kalicharan","कालीचरण"
"kalla","कल्ला"
"kallo","कल्लो"
"kallu","कल्लु"
"kalma","कल्मा"
"kaloo","कल्लू"
"kalpadma","कल्पद्मा"
"kalpana","कल्पना"
"kalpesh","कल्पेश"
"kalu","कालू"
"kalua","कलुआ"
"kaluram","कालूराम"
"kalusingh","कालूसिंह"
"kalyani","कल्याणी"
"kamakshi","कामाक्षि"
"kamakshya","कामाक्ष्या"
"kamala","कमला"
"kamaldeep","कमलदीप"
"kamaljeet","कमलजीत"
"kamalkishore","कमलकिशोर"
"kamana","कमना"
"kamar","कामर"
"kamesh","कामेश"
"kamjeet","कामजीत"
"kamlesh","कमलेश"
"kamna","कामना"
"kamni","कामनी"
"kamraan","कामरान"
"kamre","कमरे"
"kamreen","कामरीन"
"kamruddin","कामरुद्दीन"
"kamrulnisha","कामरुलनिशा"
"kamta","कम्ता"
"kanahiya","कन्हैया"
"kanak","कनक"
"kanchan","कंचन"
"kanchi","कांची"
"kanchn","कांचन"
"kanda","कांडा"
"kangana","कंगना"
"kanha","कान्हा"
"kanhaiyalal","कन्हैयालाल"
"kanheya","कन्हेया"
"kanhiya","कन्हैया"
"kanika","कनिका"
"kanishakraj","कनिष्कराज"
"kanishk","कनिष्क"
"kanisk","कनिस्क"
"kanki","कांकी"
"kanku","कांकू"
"kanok","कनोक"
"kanta","कांता"
"kanti","कांती"
"kantil","कांतिल"
"kapadia","कपाड़िया"
"kapadiya","कपड़िय"
"kapiil","कपील"
"kapil","कपिल"
"kapoor","कपूर"
"kaptan","कप्तान"
"karamvir","करमवीर"
"karandeep","करंदीप"
"karanveer","करनवीर"
"kareena","करीना"
"kareshan","करेशन"
"karim","करीम"
"karina","करीना"
"karishama","करिशमा"
"karishma","करिश्मा"
"karisma","करिस्मा"
"karmi","कर्मी"
"karmveer","कर्मवीर"
"karshana","कर्षणा"
"kartar","कर्तार"
"kartik","कार्तिक"
"kashi","काशी"
"kashiram","काशीराम"
"kashis","काशीस"
"kashish","काशिश"
"kashmir","कश्मीर"
"kasid","कासिद"
"kasish","कासिश"
"kastoori","कस्तूरी"
"kasumbi","कसुम्बी"
"katyayani","कात्यायनी"
"kausal","कौसल"
"kaushal","कौशल"
"kaushaliya","कौशलिया"
"kaushik","कौशिक"
"kauslender","कौसलेंडर"
"kauva","कौवा"
"kaval","कवल"
"kavilash","कवीलाश"
"kavit","कवित"
"kavita","कविता"
"kavya","काव्या"
"kedarnath","केदारनाथ"
"kehkasha","केहकाशा"
"kela","केला"
"kelama","केलामा"
"keli","केली"
"kesar","केसर"
"kesav","केसव"
"kesavi","केसवी"
"kesha","केशा"
"keshanti","केशांति"
"keshar","केशर"
"keshav","केशव"
"keshave","केशवे"
"keshram","केश्राम"
"kesnata","केस्नाता"
"keta","केता"
"ketan","केतन"
"keval","केवल"
"khadak","खडक"
"khairu","खैरु"
"khalid","खालिद"
"khalil","खलील"
"khamchand","खामचंद"
"khangara","खंगारा"
"khasbhoo","खसभू"
"khashbu","खशबू"
"khasti","खस्ती"
"khemchand","खेमचंद"
"kherul","खेरूल"
"khima","खीमा"
"khokan","खोकन"
"khooshboo","खुशबू"
"khshbu","खुशबू"
"khubchand","खुबचंद"
"khubhu","खुभू"
"khubi","खुबी"
"khuma","खुमा"
"khumlo","खुम्लो"
"khursheed","खुर्शीद"
"khurshid","खुर्शीद"
"khurshida","खुर्शिदा"
"khursid","खुर्सिद"
"khusbhoo","खुशबू"
"khusbhu","खुशबू"
"khusboo","खुशबू"
"khush","खुश"
"khushal","खुशल"
"khushbhu","खुशबू"
"khushboo","खुशबू"
"khushi","खुशी"
"khushnasiba","खुशनसीबा"
"kimat","कीमत"
"kimmi","किम्मी"
"kingkar","किंगकार"
"kiniya","किनिया"
"kinshuk","किंशुक"
"kinya","किन्या"
"kiran","किरण"
"kirann","किरण"
"kiranti","किरंति"
"kiriti","किरिति"
"kirodimal","किरोदिमल"
"kirpa","किर्पा"
"kirshanpal","किर्शनपाल"
"kirshn","कृष्ण"
"kirti","कीर्ति"
"kisan","किसान"
"kishan","किशन"
"kishana","किशना"
"kishmat","किश्मत"
"kishn","किशन"
"kishnaram","किशनाराम"
"kishor","किशोर"
"kismat","किस्मत"
"kismti","किस्मती"
"kisori","किसोरी"
"kitti","किट्टी"
"klash","क्लश"
"km0","केएम0"
"kmles","केएमलेस"
"kmo","केएमओ"
"knheyalal","कृष्णलाल"
"kohinoor","कोहिनूर"
"koilu","कोईलू"
"komal","कोमल"
"konika","कोनिका"
"konti","कोंटी"
"kooki","कूकी"
"kosaleya","कोसलेया"
"kosalya","कोसल्या"
"kosar","कोसर"
"koshal","कोशल"
"koshalya","कोशल्या"
"koslya","कोशल्या"
"kosylaya","कोशल्या"
"kouchu","कौचू"
"koyal","कोयल"
"koyali","कोयली"
"kranti","क्रांति"
"kripal","कृपाल"
"kripya","कृपया"
"krisana","कृष्णा"
"krish","कृष"
"krishan","कृष्ण"
"krishana","कृष्णा"
"krishen","कृषेन"
"krishma","कृष्मा"
"krishn","कृष्ण"
"krishna","कृष्ण"
"krishnal","कृष्णल"
"kriti","कृति"
"kritika","कृतिका"
"kudtusu","कुद्तुसु"
"kulbhushan","कुलभूषण"
"kulbir","कुलबीर"
"kulina","कुलिना"
"kulsum","कुलसुम"
"kumail","कुमैल"
"kumara","कुमारा"
"kumarage","कुमारागे"
"kumare","कुमारे"
"kumod","कुमोद"
"kumresh","कुमरेश"
"kumud","कुमुद"
"kunal","कुणाल"
"kunda","कुंडा"
"kundan","कुंदन"
"kundin","कुंडिन"
"kunj","कुंज"
"kunti","कुंती"
"kuparth","कूपर्थ"
"kureja","कुरेजा"
"kush","कुश"
"kushagra","कुशाग्र"
"kushal","कुशल"
"kushamvir","कुशंवीर"
"kushbu","कुशबू"
"kushi","कुशी"
"kushma","कुश्मा"
"kushmi","कुश्मि"
"kushmita","कुश्मिता"
"kushum","कुशुम"
"kushumavati","कुशुमावती"
"kusuma","कुसुम"
"kusumakar","कुसुमाकर"
"kusumlata","कुसुमलता"
"lad","लाद"
"ladakunvar","लडकुंवर"
"laddha","लड्डा"
"ladli","लाडली"
"lahida","लहिड़ा"
"laja","लाजा"
"lajjavati","लज्जावती"
"lakh","लाख"
"lakhan","लखन"
"lakhe","लाखे"
"lakhi","लाखी"
"lakhmi","लाख्मी"
"lakhraj","लाखराज"
"lakhu","लाखू"
"lakhya","लाख्या"
"lakky","लाकी"
"lakshay","लक्षय"
"lakshaya","लक्षया"
"lakshit","लक्षित"
"lakshman","लक्ष्मण"
"lakshmanan","लक्ष्मनन"
"lakshmi","लक्ष्मी"
"lakshmipriya","लक्ष्मीप्रिया"
"lakshy","लक्ष्य"
"lakshya","लक्ष्या"
"lala","लाला"
"lalan","लालन"
"lalaram","लालाराम"
"laldhari","लालधारी"
"lali","लाली"
"lalit","ललित"
"lalitendra","ललितेंद्र"
"laliya","ललिया"
"lallu","लल्लू"
"lalmuni","लालमुनि"
"laltes","लल्तेश"
"laltia","लालतिया"
"lalu","लालू"
"lalutha","ललुथा"
"lamani","लामानी"
"lamba","लाम्बा"
"lambhu","लम्भू"
"lashma","लाश्मा"
"lateef","लतीफ"
"lav","लव"
"lavanya","लावण्या"
"lave","लावे"
"lavi","लावी"
"lavli","लावली"
"lavpreet","लवप्रीत"
"lavtar","लवतार"
"laxmi","लक्ष्मी"
"layba","लैबा"
"leela","लीला"
"leelu","लीलू"
"leena","लीना"
"lekhram","लेखराम"
"leo","लेओ"
"libin","लिबिन"
"lila","लीला"
"lilabai","लिलाबाई"
"liladevi","लीलादेवी"
"lilaki","लिलाकी"
"lilima","लिलिमा"
"lilu","लीलू"
"limca","लिमका"
"lisha","लिशा"
"liveri","लिवेरी"
"liyakat","लियाकत"
"lok","लोक"
"lokender","लोकेन्द्र"
"lokendra","लोकेन्द्र"
"lokesh","लोकेश"
"lokindra","लोकिंद्र"
"long","लॉंग"
"love","लव"
"lovly","लवली"
"lta","एलटीए"
"lucki","लक्की"
"lukkad","लुक्कड़"
"lushi","लुशी"
"luv","लव"
"maahi","माही"
"maalti","मालती"
"maan","मान"
"maanmati","मानमती"
"maansingh","मानसिंह"
"maaya","माया"
"mabiya","माबिया"
"machhala","मछला"
"madam","मैडम"
"madan","मदन"
"madhavan","मधुवन"
"madhavi","माधवी"
"madhu","मधु"
"madhubala","मधुबाला"
"madhukar","मधुकर"
"madhumita","मधुमिता"
"madhur","मधुर"
"madhuri","माधुरी"
"madhusudan","मधुसूदन"
"madhvi","माधवी"
"magat","मगत"
"mager","मागर"
"maha","महा"
"mahajan","महाजन"
"mahak","महक"
"mahammd","मुहम्मद"
"mahaveer","महावीर"
"mahavir","महावीर"
"mahbir","महबीर"
"mahboob","महबूब"
"mahendar","महेंद्र"
"mahender","महेंद्र"
"mahendra","महेंद्र"
"maheshar","महेश्वर"
"mahfooj","महफूज"
"mahi","माही"
"mahinder","महिन्दर"
"mahindra","महिन्द्र"
"mahinudin","महीनुदीन"
"mahjabi","महजबी"
"mahkar","माहकर"
"mahmun","महमुन"
"mahnatha","महनाथा"
"mahroj","महरोज"
"mahrul","महरूल"
"mahtab","महताब"
"mahud","महूद"
"mahveer","महावीर"
"mahvish","महविश"
"maigo","माइगो"
"maina","मैना"
"mainka","मैंका"
"mairi","मैरी"
"majid","मजीद"
"majida","मजीदा"
"majidunisha","मजीदुनिशा"
"majnu","मजनू"
"majoo","माजू"
"majrula","माजरुला"
"makan","मकान"
"makbul","मकबूल"
"makhan","मखान"
"makrud","मकरूद"
"maksud","मकसूद"
"mala","माला"
"malchand","मालचंद"
"mali","माली"
"malika","मलिका"
"malkeet","मलकीत"
"malkiat","मलकियत"
"mallik","मल्लिक"
"mallo","माल्लो"
"malvika","मालविका"
"mam","माम"
"mamanbai","मामानबाई"
"mamchand","मामचंद"
"mamini","मामीनी"
"mamita","मामिता"
"mammta","मामता"
"mamoita","मामोइता"
"mamraj","मामराज"
"mamt","माम्त"
"mamtha","मामथा"
"mamuna","मामूना"
"mamuni","मामूनी"
"man","मन"
"manali","मनाली"
"manav","मानव"
"manbai","मनबाई"
"manbhar","मनभर"
"manbhari","मनभरी"
"manchan","मनचन"
"manda","मंडा"
"mandeep","मंदीप"
"mandi","मंडी"
"mandira","मंदिरा"
"mandothi","मंदोथी"
"mandu","मंदू"
"mandvi","मांडवी"
"maneesh","मनीष"
"maneesha","मनीषा"
"manesh","मनेश"
"manfool","मनफूल"
"manful","मनफुल"
"mangal","मंगल"
"mangala","मंगला"
"mangelal","मंगेलाल"
"mangeram","मंगेराम"
"mangla","मंगला"
"manglesh","मंगलेश"
"mangol","मंगोल"
"mangta","मंगता"
"mangubai","मंगूबाई"
"mani","मनी"
"manikchand","मणिकचंद"
"manimegla","मणिमेगला"
"maninder","मनिंदर"
"manira","मनीरा"
"manisa","मनीसा"
"manisha","मनीषा"
"manjinder","मंजिंदर"
"manjit","मंजीत"
"manjoo","मंजू"
"manju","मंजू"
"manjusha","मंजूषा"
"manka","मंका"
"manlisa","मनलिसा"
"manmeet","मनमीत"
"manmohan","मनमोहन"
"manni","मन्नी"
"manno","मन्नो"
"mannu","मन्नू"
"mannulal","मन्नूलाल"
"manoish","मनोईश"
"manoj","मनोज"
"manojkumar","मनोजकुमार"
"manorma","मनोरमा"
"manormapal","मनोरमपाल"
"manosh","मनोष"
"manphool","मनफूल"
"manpreet","मनप्रीत"
"manpritkour","मनप्रीतकौर"
"mansa","मंसा"
"mansavi","मनसवी"
"mansharam","मंशरम"
"manshi","मंशी"
"mansoor","मन्सूर"
"mansur","मंसूर"
"mantasha","मंताशा"
"manti","मंती"
"mantosh","मंतोष"
"mantu","मंतु"
"manu","मनु"
"manush","मानुष"
"manvendra","मन्वेंद्र"
"manvi","मनवी"
"manvir","मनवीर"
"maqsood","मक़सूद"
"mariam","मरियम"
"marium","मारियम"
"mariya","मारिया"
"marjana","मार्जाना"
"marshilah","मार्शिलाह"
"marti","मार्टी"
"maryana","मार्याना"
"masheen","मशीन"
"mashli","माशली"
"mastan","मस्तान"
"master","मास्टर"
"masum","मसूम"
"masuma","मसूमा"
"matbar","मतबर"
"mathura","मथुरा"
"matul","मातुल"
"maujim","मौजिम"
"mausam","मौसम"
"maushid","मौशिद"
"maya","माया"
"mayak","मायक"
"mayur","मयूर"
"mayuri","मयूरी"
"meela","मीला"
"meenakashi","मीनाकशी"
"meenakshi","मीनाक्षी"
"meenu","मीनू"
"meer","मीर"
"meera","मीरा"
"meesh","मीश"
"meeta","मीता"
"meetu","मीतू"
"mega","मेघा"
"megh","मेघ"
"meghana","मेघना"
"meghanath","मेघनाथ"
"megharaj","मेघराज"
"megharam","मेघराम"
"meghashayam","मेघशयाम"
"mehak","मेहक"
"mehandi","मेहंदी"
"mehar","मेहर"
"meharuddin","मेहरुद्दीन"
"mehbob","मेहबूब"
"mehboob","मेहबूब"
"mehinder","मेहिंदर"
"mehnaj","मेहनाज"
"mehraj","मेहराज"
"mehronisha","मेहरोनिशा"
"mehruddin","मेहरुद्दीन"
"mehrunisha","मेहरुनिशा"
"mehtab","मेहताब"
"mehvish","मेहविश"
"mem","मेम"
"mema","मेमा"
"mena","मेना"
"menakshi","मेनाक्षी"
"menpal","मेनपाल"
"menu","मेनू"
"mercy","मर्सी"
"mero","मेरो"
"meti","मेटी"
"metily","मेटिली"
"meva","मेवा"
"mhega","महेगा"
"mhendar","महेंदर"
"mho","एमएचओ"
"midda","मिड्डा"
"miha","मीहा"
"mihir","मिहिर"
"mikel","माइकल"
"milan","मिलन"
"milap","मिलाप"
"mili","मिली"
"milkhi","मिलखी"
"mina","मीना"
"minakchi","मीनाक्ची"
"minakshi","मीनाक्षी"
"minaksi","मिनाक्षी"
"minakumari","मीनाकुमारी"
"minder","मिंडर"
"mini","मिनी"
"minka","मिंका"
"minkashi","मिनकाशी"
"minu","मिनू"
"mira","मीरा"
"mis","मिस"
"misbah","मिसबाह"
"mishbha","मिश्भा"
"mishrilaal","मिश्रीलाल"
"misri","मिस्री"
"miss","मिस"
"mitali","मिताली"
"mithalesh","मिथलेश"
"mithelash","मिथेलश"
"mithi","मीठी"
"mithilesh","मिथिलेश"
"mithlesh","मिथलेश"
"mitthu","मित्ठू"
"mittopuri","मित्तोपुरी"
"mjudi","एमजेडआई"
"mmta","एमएमटीए"
"mobarkar","मुबारकार"
"mobsheera","मोब्सहीरा"
"modh","मोध"
"mogan","मोगन"
"mogli","मोगली"
"moh","मोह"
"moh0","मोह"
"mohamad","मोहम्मद"
"mohammad","मोहम्मद"
"mohan","मोहन"
"mohani","मोहनी"
"mohar","मोहर"
"mohardi","मोहरदी"
"mohatter","मोहटर"
"mohd","मोहम्मद"
"mohinuddin","मोहिनुद्दीन"
"mohit","मोहित"
"mohmad","मोहम्मद"
"mohmed","मोहम्मद"
"mohmmad","मोहम्मद"
"mohsin","मोहसीन"
"mohsina","मोहसीना"
"moinuddin","मोईनुद्दीन"
"moka","मोका"
"mokida","मोकिडा"
"momin","मोमिन"
"momina","मोमिना"
"momita","मोमिता"
"mona","मोना"
"monam","मोनम"
"moni","मोनी"
"monika","मोनिका"
"monini","मोनिनी"
"monish","मोनीश"
"monny","मोनी"
"monti","मोंटी"
"montu","मोंटू"
"monty","मोंटी"
"monu","मोनू"
"monupal","मोनूपाल"
"mookan","मूकन"
"moolchand","मूलचंद"
"mooldan","मूलदान"
"mooli","मूली"
"moona","मूना"
"moral","मोरल"
"morki","मोरकी"
"mosam","मौसम"
"moshad","मोशाद"
"moshri","मोशरी"
"mosim","मोसीम"
"moti","मोती"
"motilaal","मोतीलाल"
"motilal","मोतीलाल"
"motolal","मोतोलाल"
"mousam","मौसम"
"mousin","मौसीन"
"mridangini","मृदंगिनी"
"mrityunjay","मृत्युंजय"
"mrs","मिसेज"
"mubarik","मुबारिक"
"mubashir","मुबाशिर"
"mubshshira","मुबशिरा"
"mudasar","मुदासर"
"mudbir","मुदबीर"
"mudsay","मुदसय"
"muhmad","मुहम्मद"
"mujaffar","मुजफ्फर"
"mujefir","मुजेफिर"
"mujibu","मुजीबू"
"mukaram","मुकरम"
"mukat","मुक़त"
"mukeemuddin","मुक़ीमुद्दीन"
"mukesh","मुकेश"
"mukherjee","मुखर्जी"
"mukhtiyar","मुख्तियार"
"mukhtyar","मुख्त्यार"
"mukiman","मुकिमान"
"mukish","मुकेश"
"mukram","मुकराम"
"muksndi","मुक्संदी"
"mukund","मुकुंद"
"mul","मूल"
"muli","मुली"
"mulina","मूलीना"
"multan","मुल्तान"
"mum","मम"
"mumtaj","मुमताज"
"munbura","मुनबुरा"
"muneer","मुनीर"
"munesh","मुनेश"
"muni","मुनी"
"munia","मुनिया"
"munish","मुनिश"
"munkad","मुंकड़"
"munmun","मुनमुन"
"munna","मुन्ना"
"munnadevi","मुन्नादेवी"
"munnem","मुन्नेम"
"munnia","मुन्निया"
"munnu","मुन्नू"
"munny","मुन्नी"
"munsi","मुंसी"
"muntajar","मुंतजर"
"muntjar","मुंतजर"
"muqhtar","मुक़्तार"
"murad","मुराद"
"murli","मुरली"
"murshida","मुर्शिदा"
"mursida","मुर्शिदा"
"murti","मूर्ति"
"murtibai","मूर्तिबाई"
"musarrat","मुसर्रत"
"mushrraf","मुशर्रफ"
"musibat","मुसीबत"
"muskaan","मुस्कान"
"muskan","मुस्कान"
"muskarn","मुस्कान"
"muskhan","मुस्खान"
"muskuran","मुस्कुरान"
"musmi","मुस्मि"
"musra","मुस्रा"
"musrat","मुस्रत"
"mustak","मुस्ताक"
"mustaq","मुस्तक"
"mustikeem","मुस्तीकीम"
"mustkeem","मुस्तकीम"
"mustki","मुस्तकी"
"mustkim","मुस्तकीम"
"naajim","नाजिम"
"nabal","नाबल"
"nabi","नबी"
"nabila","नबीला"
"nachita","नचिता"
"nadeem","नदीम"
"nadem","नादेम"
"nadhim","नधीम"
"nadim","नदीम"
"nadini","नादिनी"
"nadir","नादिर"
"nadiya","नदिया"
"naeem","नईम"
"nafe","नाफे"
"nafeesa","नफीसा"
"nafisa","नफीसा"
"nagaji","नागाजी"
"nagender","नगेन्दर"
"nagendra","नगेंद्र"
"nagia","नगिया"
"nagina","नगीना"
"nagma","नगमा"
"nahani","नहानी"
"nahar","नहर"
"nahida","नाहिदा"
"naidu","नायडू"
"naima","नाईमा"
"naimuddin","नाईमुद्दीन"
"nain","नैन"
"naina","नैना"
"nainshi","नैंशी"
"nair","नायर"
"nairit","नैरित"
"nairita","नैरिता"
"naisi","नाइसी"
"naitik","नैतिक"
"najar","नजर"
"najara","नजारा"
"najarana","नजराना"
"najda","नाजदा"
"najim","नाजिम"
"najimuddin","नाजिमुद्दीन"
"najira","नाजीरा"
"najma","नजमा"
"najni","नाजनी"
"najo","नाजो"
"najrana","नजराना"
"najrin","नजरीन"
"najubai","नाजूबाई"
"nakched","नकचेद"
"nakul","नकुल"
"nalini","नलिनि"
"namarta","नमर्ता"
"name","नामे"
"nameeta","नमीता"
"namen","नामेन"
"namra","नमरा"
"nanagram","नानाग्राम"
"nanak","नानक"
"nancy","नैंसी"
"nand","नन्द"
"nandani","नंदनी"
"nandi","नंदी"
"nandini","नंदिनी"
"nandita","नंदिता"
"nandkishore","नंदकिशोर"
"nandni","नंदनी"
"nanhe","नन्हे"
"nankesh","नंकेश"
"nanki","नंकी"
"nanku","नानकू"
"nanni","नन्नी"
"nannu","नन्नू"
"nano","ननो"
"nanu","नानू"
"nanveet","ननवीत"
"narahari","नरहरि"
"naraini","नराइनी"
"narander","नरेंदर"
"narayan","नारायण"
"narbada","नर्मदा"
"narbda","नर्मदा"
"narbir","नरबीर"
"narendar","नरेंदर"
"narendera","नरेंद्र"
"narendra","नरेंद्र"
"nareshpal","नरेशपाल"
"nargish","नरगिश"
"narhasi","नरहासी"
"narinder","नरिंदर"
"narmada","नर्मदा"
"narmda","नर्मदा"
"narpendra","नरपेंद्र"
"narsa","नरसा"
"narsingh","नरसिंह"
"naruram","नरूराम"
"naryan","नरयाण"
"naryani","नरयाणी"
"nasar","नासर"
"naseeba","नसीबा"
"naseem","नसीम"
"nashima","नाशिमा"
"nashimuddin","नाशीमुद्दीन"
"nasibu","नसीबू"
"nasim","नसीम"
"nasima","नसीमा"
"nasreema","नसरीमा"
"nasreen","नसरीन"
"nasrin","नसरीन"
"nasruddin","नसरुद्दीन"
"nasrul","नसरुल"
"nassin","नसीन"
"nathani","नाथानी"
"nathi","नाथी"
"nathu","नाथू"
"nathulal","नाथूलाल"
"natthu","नत्थू"
"naulakh","नौलख"
"naushad","नौशाद"
"naushi","नौशी"
"naval","नवल"
"navdeep","नवदीप"
"naved","नवेद"
"naveeda","नवीदा"
"naveela","नवीला"
"naveen","नवीन"
"naveena","नवीना"
"navendra","नवेन्द्र"
"navi","नवी"
"navita","नविता"
"navjat","नवजात"
"navleen","नवलीन"
"navnit","नवनीत"
"navya","नव्या"
"nayamati","नायमती"
"nayan","नयन"
"nayana","नयना"
"nayna","नायना"
"neaha","नीहा"
"neelachal","नीलाचल"
"neelam","नीलम"
"neeli","नीली"
"neelima","नीलिमा"
"neelkant","नीलकंठ"
"neelu","नीलू"
"neema","नीमा"
"neemi","नीमी"
"neeraj","नीरज"
"neesa","नीसा"
"neesha","नीशा"
"neeshu","नीशु"
"neeta","नीता"
"neeti","नीति"
"neetu","नीतू"
"neeven","नीवेन"
"neha","नेहा"
"nehal","नेहल"
"neharika","नेहारिका"
"nek","नेक"
"nelam","नेलम"
"nemsi","नेमसी"
"nency","नेन्सी"
"neni","नेनी"
"nenshi","नेंशी"
"nensi","नेंसी"
"nepal","नेपाल"
"nesha","नेशा"
"netra","नेत्रा"
"netram","नेत्राम"
"nibha","निभा"
"nibo","निबो"
"nida","निदा"
"nidhi","निधि"
"nihal","निहाल"
"nijam","निजाम"
"nijamuddin","निजामुद्दीन"
"nijamudeen","निजामुद्दीन"
"nikahat","निकाहत"
"nikhad","निखाद"
"nikhat","निखत"
"nikhil","निखिल"
"nikkhar","निक्खर"
"niksiya","निक्षिया"
"nilaadrii","नीलाद्री"
"nilesh","निलेश"
"nilu","नीलू"
"nimesh","निमेश"
"nimla","निमला"
"nimmy","निम्मी"
"nipam","निपम"
"nipun","निपुण"
"niraj","निराज"
"nirbhay","निर्भय"
"nirja","निर्जा"
"nirjala","निर्जला"
"nirjla","निर्जला"
"nirma","निर्मा"
"nirmal","निर्मल"
"nirmala","निर्मला"
"nirmaljeet","निर्मलजीत"
"nirutma","निरुत्मा"
"nisa","निसा"
"nisar","निसार"
"nishal","निशाल"
"nishar","निशार"
"nishith","निशिथ"
"nishtha","निष्ठा"
"nishu","निशु"
"nita","नीता"
"nitam","नीतम"
"nitasha","निताशा"
"nitesh","नितेश"
"nithyanandham","निथ्यानंधम"
"nitika","नितिका"
"nitin","नितिन"
"nitish","नितीश"
"nitu","नीतू"
"njare","नजारे"
"noni","नोनी"
"noojo","नूजो"
"noor","नूर"
"noora","नूरा"
"nooralam","नूरअलम"
"nooralha","नूरअल्हा"
"noore","नूरे"
"noori","नूरी"
"noorin","नूरीन"
"noorjaha","नूरजहा"
"noorjahan","नूरजहाँ"
"noorjama","नूरजामा"
"noornabi","नूरनबी"
"nootan","नूतन"
"noreen","नोरीन"
"norti","नोर्ती"
"nosi","नोसी"
"not","नोट"
"novisha","नोविशा"
"nrendr","नरेंद्र"
"ntasha","नताशा"
"numesh","नुमेश"
"nur","नूर"
"nurbi","नुरबी"
"nusrant","नुसरांत"
"nusrat","नुसरत"
"nutan","नूतन"
"ojashvi","ओजश्वि"
"ojashwi","ओजश्वी"
"ojasvi","ओजस्वी"
"ojaswi","ओजस्वी"
"ojha","ओझा"
"om","ओं"
"oma","ओमा"
"ombeer","ओमबीर"
"ombir","ओमबीर"
"omeshkumar","ओमेशकुमार"
"omi","ओमी"
"omkara","ओंकारा"
"omkareshwar","ओंकारेश्वर"
"omparkash","ओमपरकाश"
"omparkesh","ओमपरकेश"
"omparsad","ओमपरसाद"
"omperkash","ओम्परकाश"
"omprakash","ओमप्रकाश"
"omprakesh","ओमप्रकेश"
"omprkash","ओमप्रकाश"
"omprkesh","ओमप्रकेश"
"omveer","ओमवीर"
"one","ओन"
"onginye","ओंगिनये"
"opendar","ओपेंदर"
"osier","ओसियर"
"ovaish","ओवैश"
"pabitra","पवित्रा"
"pabu","पाबू"
"pachuram","पचुराम"
"padam","पदम"
"padma","पद्मा"
"paka","पाका"
"pakhali","पाखली"
"palak","पलक"
"pallavi","पल्लवी"
"pallu","पल्लु"
"pallvi","पल्लवी"
"palvi","पल्वी"
"palvinder","पल्विंदर"
"pamjeet","पमजीत"
"pammi","पम्मी"
"pammy","पम्मी"
"pampa","पम्पा"
"panaj","पनाज"
"pancham","पंचम"
"panchhi","पंछी"
"panchi","पंछी"
"panchma","पंचमा"
"panchoo","पंचू"
"panchuram","पंचुराम"
"pancu","पंचु"
"pandey","पाण्डेय"
"pandit","पंडित"
"pandu","पंडू"
"pangita","पंगिता"
"pankaj","पंकज"
"pankaja","पंकज"
"pankajsheel","पंकजशील"
"pankuj","पंकुज"
"panmati","पनमति"
"panna","पन्ना"
"pannalal","पन्नालाल"
"papa","पापा"
"papp","पप्प"
"pappe","पप्पे"
"pappu","पप्पू"
"pappy","पप्पी"
"para","पारा"
"param","परम"
"paramjit","परमजीत"
"paramveer","परमवीर"
"paras","पारस"
"parash","पारश"
"parashram","पारश्रम"
"paratibha","पारतिभा"
"parbhat","पर्भात"
"parbhu","परभु"
"pardeshi","परदेशी"
"pardhuman","परधुमन"
"pareen","परीन"
"pareeti","परीति"
"parem","परेम"
"parerna","परेरना"
"parhalad","प्रहलाद"
"pari","परी"
"pariksha","परीक्षा"
"parinka","परिंका"
"parjinder","परजिंदर"
"parkash","पार्काश"
"parlad","पारलाद"
"parmanand","परमानंद"
"parmila","परमिला"
"parminder","परमिंदर"
"parmita","पर्मिता"
"parmod","परमोद"
"parmodh","परमोध"
"parnav","पर्णव"
"paro","परो"
"parsanjeet","परसंजीत"
"parshant","परशांत"
"parshotam","परशोतम"
"parshu","परशु"
"parsi","पारसी"
"parsuram","परसुराम"
"partab","परताब"
"partap","परताप"
"parth","पार्थ"
"partibha","पर्तिभा"
"partik","पर्तिक"
"partima","पर्तिमा"
"partul","परतुल"
"partyush","परत्युश"
"parvashi","पार्वशी"
"parvati","पार्वती"
"parveen","परवीन"
"parveena","परवीना"
"parvej","परवेज"
"parvesh","पर्वेश"
"parvin","पर्वीन"
"parvinder","परविंदर"
"paryanka","पर्यांका"
"pasanjeet","पसंजीत"
"patan","पातन"
"pataso","पतासो"
"patender","पतेन्द्र"
"patik","पाटिक"
"patil","पाटील"
"patras","पत्रस"
"patric","पैट्रिक"
"paul","पौल"
"pavitra","पवित्रा"
"pavnesh","पवनेश"
"payal","पायल"
"payana","पयना"
"pear","पियर"
"peenu","पीनू"
"peer","पीर"
"pemaram","पेमाराम"
"pera","पेरा"
"perdeep","परदीप"
"perkash","परकाश"
"perveen","परवीन"
"pervinder","परविंदर"
"phakir","फकीर"
"phalguni","फाल्गुनी"
"pharjana","फार्जना"
"phoola","फूला"
"phooli","फूली"
"phoolla","फूला"
"phoolmani","फूलमणि"
"phoolo","फूलो"
"phul","फूल"
"phulbi","फूलबी"
"pihu","पिहु"
"pinki","पिंकी"
"pinkoo","पिंकू"
"pinku","पिंकू"
"pinttu","पिंट्टू"
"pirmika","पिरमिका"
"piroj","पिरोज"
"pista","पिस्ता"
"pitika","पितिका"
"piuesh","पिएश"
"piyari","पियारी"
"piyus","पियूस"
"piyush","पियुष"
"poga","पोगा"
"pokhar","पोखर"
"poma","पोमा"
"poneem","पोनीम"
"pooja/varsha","पूजा/वर्षा"
"poojadevi","पूजा देवी"
"pool","पूल"
"pooran","पूरण"
"poornima","पूर्णिमा"
"popinder","पोपिंदर"
"poshetty","पोशेट्टी"
"prabhakar","प्रभाकर"
"prabhash","प्रभाश"
"prabhatilal","प्रभातीलाल"
"prabhatyashi","प्रभात्यशी"
"prabhav","प्रभाव"
"prabhjeet","प्रभजीत"
"prabhjit","प्रभजीत"
"prabhjot","प्रभजोत"
"prabhudayal","प्रभुदयाल"
"prableen","प्रबलीन"
"pradeep","प्रदीप"
"pradep","प्रदीप"
"praful","प्रफुल"
"pragati","प्रगति"
"prahlad","प्रहलाद"
"prakash","प्रकाश"
"prakhar","प्रखर"
"prakul","प्रकुल"
"pram","प्राम"
"pramal","प्रामल"
"pramatma","प्रामात्मा"
"prameela","प्रमीला"
"prami","प्रामी"
"pramil","प्रामिल"
"pramila","प्रमिला"
"pramjeet","प्रमजीत"
"pranav","प्रणव"
"pranavi","प्राणवि"
"pranay","प्रणय"
"pranita","प्रणिता"
"pranjal","प्रांजल"
"prankur","प्रांकुर"
"prannab","प्राणब"
"pransis","प्रांसिस"
"prasant","प्रसन्त"
"prasanta","प्रशांत"
"prashanat","प्रशानत"
"prashansa","प्रशंसा"
"prashant","प्रशांत"
"prateek","प्रतीक"
"pratha","प्रथा"
"prati","प्रति"
"pratibha","प्रतिभा"
"pratik","प्रतिक"
"pratiksha","प्रतिक्षा"
"pratima","प्रतिमा"
"pratul","प्रतुल"
"praveen","प्रवीण"
"praveena","प्रवीणा"
"pravendra","प्रवेन्द्र"
"pravin","प्रवीण"
"pravindra","प्रविंद्र"
"prdeep","प्रदीप"
"pree","प्री"
"preena","प्रीना"
"preetam","प्रीतम"
"preeti","प्रीति"
"preety","प्रीती"
"prema","प्रेमा"
"premi","प्रेमी"
"premjit","प्रेमजीत"
"premla","प्रेमला"
"premlata","प्रेमलता"
"premnarayan","प्रेमनारायण"
"prete","प्रेते"
"prhalad","प्रहलाद"
"prince","प्रिंस"
"prinkaya","प्रिंकाया"
"prinkya","प्रिंक्या"
"prinsh","प्रिंश"
"prisha","प्रीषा"
"pritam","प्रीतम"
"prithvi","पृथ्वी"
"priti","प्रीति"
"pritibha","प्रीतिभा"
"prittam","प्रीत्तम"
"prity","प्रीती"
"priya","प्रिया"
"priyak","प्रियक"
"priyaka","प्रियका"
"priyaki","प्रियकी"
"priyanka","प्रियंका"
"priyansi","प्रियांसी"
"priyansu","प्रियांसु"
"prkesh","परकेश"
"promila","प्रोमिला"
"prsant","प्रसंत"
"prya","प्र्या"
"pryanika","प्र्यानिका"
"pryanka","प्र्यंका"
"puja","पूजा"
"pujja","पूजा"
"pukharam","पुखाराम"
"pulita","पुलिता"
"pulkit","पुल्कित"
"punam","पूनम"
"puneet","पुनीत"
"punia","पूनिया"
"punit","पुनीत"
"punita","पुनीता"
"punnet","पुन्नेट"
"punni","पुन्नी"
"puran","पुराण"
"puranmal","पुराणमल"
"purnmal","पूर्णमल"
"purva","पूर्वा"
"pusgpender","पुस्ग्पेंडर"
"pushank","पुषंक"
"pushapa","पुषपा"
"pushpa","पुष्पा"
"pushpan","पुष्पन"
"pushpanjali","पुष्पांजलि"
"pushpendr","पुष्पेंद्र"
"pushpendra","पुष्पेन्द्र"
"puskar","पुष्कर"
"puspa","पुष्पा"
"puspak","पुष्पक"
"puspendar","पुष्पेंद्र"
"puspender","पुष्पेंद्र"
"puspha","पुष्पा"
"putulu","पुतुलु"
"pyare","प्यारे"
"pyarelal","प्यारेलाल"
"pyari","प्यारी"
"qadim","क़दीम"
"qadir","क़ादिर"
"qadri","क़ादरी"
"qadriya","क़द्रिया"
"qais","क़ैस"
"qaisar","क़ैसर"
"qamar","क़मर"
"qamaruddin","कमरुद्दीन"
"qasim","क़ासिम"
"qazi","क़ाज़ी"
"rabhida","रभिदा"
"rabin","रबीन"
"rabina","रबिना"
"rabpreet","रबप्रीत"
"rachana","रचना"
"rachna","रचना"
"rachnu","रचनु"
"rachpreet","रचप्रीत"
"radat","रदत"
"radesyam","रादेश्यम"
"radha","राधा"
"radhab","राधाब"
"radhamohan","राधामोहन"
"radhe","राधे"
"radhesayam","राधेश्याम"
"radheshyam","राधेश्याम"
"radhey","राधेय"
"radhyshyam","राध्यश्याम"
"radikha","राधिका"
"rafat","रफत"
"rafi","रफ़ी"
"rafiq","रफ़ीक"
"raghbir","रघबीर"
"raghu","रघु"
"raghubeer","रघुबीर"
"raghunandan","रघुनंदन"
"raghuveer","रघुवीर"
"raghuvir","रघुवीर"
"ragib","रगीब"
"ragina","रगिना"
"ragni","रागनी"
"rahi","राही"
"rahil","राहिल"
"rahila","राहिला"
"rahim","रहीम"
"rahimuddin","रहीमुद्दीन"
"rahimun","रहीमुन"
"rahina","रहिना"
"rahish","रहिश"
"rahishudeen","रहीशुद्दीन"
"rahisuddin","रहिसुद्दीन"
"rahnuma","रहनुमा"
"rai","राय"
"rainu","राईनू"
"raisha","रैशा"
"raishma","राइश्मा"
"raisuddin","राईसुद्दीन"
"rajam","राजम"
"rajan","राजन"
"rajani","रजनी"
"rajanti","राजंति"
"rajaram","राजाराम"
"rajat","राजत"
"rajbala","राजबाला"
"rajbeer","राजबीर"
"rajbir","राजबीर"
"rajbiri","राजबीरी"
"rajdev","राजदेव"
"rajdut","राजदूत"
"rajeena","राजीना"
"rajeev","राजीव"
"rajend","राजेंद"
"rajendar","राजेंद्र"
"rajender","राजेंदर"
"rajenderi","राजेंद्री"
"rajesh","राजेश"
"rajeshvr","राजेश्वर"
"rajeshwari","राजेश्वरी"
"rajia","राजिया"
"rajibul","राजिबुल"
"rajina","राजिना"
"rajinder","राजिन्दर"
"rajinikanth","रजनीकांत"
"rajit","राजीत"
"rajiv","राजीव"
"rajjit","राज्जीत"
"rajkaranta","राजकारंत"
"rajkiran","राजकिरण"
"rajkumar","राजकुमार"
"rajkumari","राजकुमारी"
"rajkumarm","राजकुमारम"
"rajl","राजल"
"rajmani","राजमणि"
"rajna","रजना"
"rajnesh","रजनेश"
"rajni","रजनी"
"rajnish","रजनीश"
"rajo","राजो"
"rajpal","राजपाल"
"rajputra","राजपुत्र"
"rajrani","राजरानी"
"rajshree","राजश्री"
"raju,","राजू"
"rajveer","राजवीर"
"rajvir","राजवीर"
"rakeeba","राकीबा"
"rakhee","राखी"
"rakhi","राखी"
"rakho","रखो"
"rakki","रक्की"
"ram","राम"
"rama","रामा"
"ramaiya","रामैया"
"ramakant","रामकांत"
"raman","रामन"
"ramanand","रामानंद"
"ramavtar","रामावतार"
"ramba","राम्बा"
"rambhajan","रामभजन"
"rambharos","रामभरोस"
"rambhool","रामभूल"
"rambhul","रामभूल"
"rambrij","रामब्रिज"
"ramchandr","रामचंद्र"
"ramchandra","रामचंद्र"
"ramdas","रामदास"
"ramdev","रामदेव"
"ramdhan","रामधन"
"ramdhani","रामधनी"
"ramdhin","रामधीन"
"ramdin","रामदीन"
"ramdulari","रामदुलारी"
"ramdutt","रामदत्त"
"ramdyal","रामद्याल"
"rame","रमें"
"rameh","रमेह"
"ramender","रामेन्द्र"
"ramesh","रमेश"
"ramhetu","रामहेतु"
"ramila","रामिला"
"raminder","रामिंदर"
"ramjan","रामजन"
"ramjanam","रामजनम"
"ramjani","रामजनी"
"ramjanki","रामजनकी"
"ramjeet","रामजीत"
"ramji","रामजी"
"ramkanya","रामकन्या"
"ramkaran","रामकरण"
"ramkesh","रामकेश"
"ramkiashan","रामकिआशन"
"ramkish","रामकिश"
"ramkishan","रामकिशन"
"ramkumari","रामकुमारी"
"ramlakhan","रामलखन"
"rammurti","राममूर्ति"
"ramnath","रामनाथ"
"ramnihor","रामनिहोर"
"ramotar","रामोतार"
"rampaal","रामपाल"
"rampal","रामपाल"
"rampati","रामपति"
"rampayari","रामपयारी"
"ramphal","रामफल"
"ramprasad","रामप्रसाद"
"ramsagar","रामसागर"
"ramsati","रामसती"
"ramsem","रामसेम"
"ramsurat","रामसुरत"
"ramtek","रामटेक"
"ramu","रामु"
"ramvati","रामवती"
"ramveer","रामवीर"
"ramvihar","रामविहार"
"ran","रान"
"rana","राणा"
"ranbir","रणबीर"
"randeep","रंदीप"
"randheer","रंधीर"
"randhir","रंधीर"
"rani","रानी"
"ranipal","रानीपाल"
"ranita","रनीता"
"ranjan","रंजन"
"ranjay","रणजय"
"ranjeeta","रणजीता"
"ranjna","रंजना"
"ranju","रणजू"
"ranki","रंकी"
"ranpal","रणपाल"
"rantesh","रंटेश"
"ranveer","रणवीर"
"rasab","रसाब"
"raseel","रसील"
"rashi","राशि"
"rashida","रशीदा"
"rashika","राशिका"
"rashmi","रश्मि"
"rashmita","रश्मिता"
"rasid","रासिद"
"rasida","रसीदा"
"rasmi","रस्मि"
"raspal","रसपाल"
"rasul","रसूल"
"ratan","रतन"
"ratani","रतनी"
"rathan","रथन"
"rati","रति"
"ratikant","रतिकांत"
"ratiman","रतिमन"
"ratmo","रतमो"
"ratnesh","रत्नेश"
"ratni","रत्नी"
"rattan","रत्तन"
"ratul","रतुल"
"rauf","रौफ"
"raunaf","रौनफ"
"raveena","रवीना"
"ravena","रवेना"
"ravi","रवि"
"ravidutt","रविदत्त"
"ravikant","रविकांत"
"ravina","रविना"
"ravinath","रविनाथ"
"ravinda","रविंद"
"ravinder","रविंदर"
"ravindera","रविंदरा"
"ravindr","रविंद्र"
"raviraj","रविराज"
"ravishankar","रविशंकर"
"ravita","रविता"
"rebecca","रेबेका"
"redhema","रेधेमा"
"reemi","रीमी"
"reena","रीना"
"reenu","रीनू"
"reeta","रीता"
"reetima","रीतिमा"
"reetu","रीतू"
"rehaan","रेहान"
"rehana","रेहाना"
"rehman","रहमान"
"rehmat","रहमत"
"rejaul","रेजौल"
"reka","रेका"
"rekha","रेखा"
"rena","रेना"
"rennu","रेन्नू"
"renuka","रेणुका"
"repu","रेपु"
"resham","रेशम"
"reshama","रेशमा"
"reshami","रेशमी"
"reshma","रेश्मा"
"reshmi","रेश्मी"
"resmi","रेस्मी"
"revndrshing","रविंद्रसिंह"
"revti","रेवती"
"richa","रिचा"
"richaraj","रिचराज"
"richard","रिचर्ड"
"ridhakaran","रिधाकरण"
"ridhima","रिधिमा"
"rihaan","रिहान"
"rihan","रिहान"
"riju","रिजू"
"rijul","रिजुल"
"rijvan","रिजवान"
"rikkenchi","रिक्केंची"
"rima","रीमा"
"rimasha","रीमाशा"
"rimjhim","रिमझिम"
"rimpy","रिम्पी"
"rina","रिना"
"rina/","रिना/"
"rinesh","रिनेश"
"rinju","रिंजू"
"rinkal","रिंकल"
"rinke","रिंके"
"rinki","रिंकी"
"rinku","रिंकू"
"rinky","रिंकी"
"risabh","रिसाभ"
"rishab","रिषभ"
"rishabh","रिषभ"
"rishi","रिषि"
"rishipal","रिषिपाल"
"rishiraj","रिषिराज"
"rishu","रिशु"
"rita","रीता"
"ritesh","रितेश"
"rithik","रिथिक"
"riti","रिति"
"ritik","रितिक"
"ritika","रितिका"
"ritu","रितु"
"ritunjay","रितुंजय"
"rituraj","रितुराज"
"riya","रिया"
"riyajuddin","रियाजुद्दीन"
"riyajudhin","रियाजुद्धीन"
"riyajudin","रियाजुद्दीन"
"riyajul","रियाजुल"
"riyasat","रियासत"
"rma","रमा"
"robert","रॉबर्ट"
"robi","रोबी"
"robin","रोबिन"
"rocky","रॉकी"
"rohaan","रोहान"
"rohan","रोहन"
"rohil","रोहिल"
"rohila","रोहिला"
"rohini","रोहिणी"
"rohit","रोहित"
"rohitash","रोहिताश"
"rohtash","रोहिताश"
"rohthash","रोहिताश"
"roji","रोजी"
"rojmen","रोजमें"
"rojmeri","रोजमेरी"
"roma","रोमा"
"ronak","रोनक"
"roop","रूप"
"roopa","रूपा"
"roopali","रूपाली"
"roopam","रूपम"
"roopnarayan","रूपनारायण"
"roopsingh","रूपसिंह"
"rosan","रोसन"
"roshan","रोशन"
"roshanara","रोशनारा"
"roshini","रोशनी"
"rosina","रोसीना"
"rosy","रोसी"
"rubal","रूबल"
"rubbi","रुब्बी"
"rubbina","रुबीना"
"rubey","रूबेय"
"rubi","रूबी"
"rubiya","रूबिया"
"rubjaan","रूबजान"
"rubo","रूबो"
"ruchendra","रुचेंद्र"
"ruchi","रुचि"
"ruchika","रुचिका"
"ruchit","रुचित"
"ruckmani","रुक्कमणि"
"rudhra","रुध्रा"
"rudmal","रुद्मल"
"ruhhena","रुहेना"
"ruhi","रूही"
"rukhsar","रुखसार"
"rukhsna","रुखसना"
"rukiya","रुकिया"
"ruksaar","रुकसार"
"ruksar","रुकसार"
"rukshan","रुक्षान"
"rukshana","रुकशाना"
"ruksin","रुक्सीन"
"rumal","रुमाल"
"rumeet","रूमीत"
"rupa","रूपा"
"rupak","रूपक"
"rupal","रूपल"
"rupali","रूपाली"
"rupam","रूपम"
"rupanjali","रूपांजलि"
"rupender","रूपेन्द्र"
"rupendra","रूपेंद्र"
"rupesh","रूपेश"
"rupinder","रूपिन्दर"
"ruplal","रूपलाल"
"ruppa","रूप्पा"
"rusan","रूसन"
"rustam","रुस्तम"
"rvina","रविना"
"rvindra","रविंद्र"
"s/o","पुत्र"
"saana","साना"
"saanu","सानू"
"sabanam","सबानाम"
"sabba","सब्बा"
"sabbir","सब्बीर"
"sabbo","सब्बो"
"sabbu","सब्बु"
"sabeena","सबीना"
"sabeer","सबीर"
"sabhya","सभ्य"
"sabid","साबिद"
"sabila","सबीला"
"sabina","सबीना"
"sabir","साबिर"
"sabita","सबिता"
"sablu","साबलु"
"sabna","सबना"
"sabnam","साबनाम"
"sabra","साब्रा"
"sabrajeet","सब्रजीत"
"sabreen","साब्रीन"
"sabrina","साब्रिना"
"sachdev","सचदेव"
"sachi","साची"
"sachidanand","सचिदानंद"
"sachit","सचित"
"sadabkhura","सादबखुरा"
"sadabrij","सादब्रिज"
"saddham","सद्धाम"
"saddiq","सद्दीक"
"sadhana","साधना"
"sadhna","साधना"
"sadhu","साधु"
"sadhv","साध्व"
"sadhvi","साध्वी"
"sadhya","साध्य"
"sadip","सादीप"
"sadiq","सादिक"
"sadiya","सादिया"
"sadod","सदोद"
"sadre","सादरे"
"sadur","सादुर"
"safali","सफली"
"safe","सेफ"
"safia","सफिया"
"safika","सफीका"
"safila","सफिला"
"safiya","सफिया"
"sagar","सागर"
"sagir","सागीर"
"sagiran","सागिरान"
"sagit","सागित"
"sagita","सागिता"
"sahab","साहब"
"sahabbudin","साहबबुदीन"
"sahabudeen","साहबुदीन"
"sahajaha","सहजहा"
"sahajha","सहजहा"
"sahana","सहना"
"sahanaj","साहानज"
"sahar","सहर"
"sahbaj","सहबाज"
"sahbuddin","साहबुद्दीन"
"sahdev","सहदेव"
"saheen","साहीन"
"sahib","साहिब"
"sahiba","साहिबा"
"sahid","साहिद"
"sahida","साहिदा"
"sahil","साहिल"
"sahin","साहिन"
"sahina","साहिना"
"sahira","साहिरा"
"sahishta","साहिष्टा"
"sahista","साहिस्टा"
"sahjad","साहजाद"
"sahkir","साहकीर"
"sahlesh","साहलेश"
"sahna","सहना"
"sahnabaj","साहनाबज"
"sahnara","साहनारा"
"sahni","साहनी"
"sahrik","साहरिक"
"sahrukh","साहरुख"
"sahrul","साहरुल"
"sai","साई"
"said","साईद"
"saida","सैदा"
"saidas","सैदास"
"saidul","साईदुल"
"saieman","सैएमन"
"saina","साइना"
"sainky","साइंकी"
"saira","साइरा"
"saisha","साइशा"
"saista","साइस्टा"
"saiyada","सैयदा"
"sajal","सजल"
"sajan","सजन"
"sajana","सजना"
"sajda","सजदा"
"sajia","सजिया"
"sajid","सजीद"
"sajida","सजीदा"
"sajini","सजिनी"
"sajiya","सजिया"
"sajjan","सज्जन"
"sajmeen","सजमीन"
"sajruddin","सजरुद्दीन"
"saka","साका"
"sakal","साकल"
"sakcham","सक्चम"
"sakeena","सकीना"
"sakhichander","सखिचंदर"
"sakil","साकिल"
"sakila","साकिला"
"sakir","साकिर"
"sakiran","साकिरान"
"saksham","साक्षाम"
"sakshi","साक्षी"
"saksi","साक्सी"
"saku","साकु"
"sakuntala","सकुंतला"
"salama","सलामा"
"salesh","सलेश"
"salim","सलीम"
"salima","सलीमा"
"salin","सलीन"
"salini","सालिनी"
"salmaan","सलमान"
"salmakhatun","सल्माखातून"
"salmam","सलमम"
"salman","सलमान"
"salmi","सल्मी"
"sam","साम"
"sama","समा"
"samad","समाद"
"samadh","समाध"
"samaiali","समाइली"
"samay","समय"
"samayddin","समयद्दीन"
"same","समे"
"sameeksha","समीक्षा"
"sameem","समीम"
"sameena","समीना"
"samiksa","समीक्षा"
"samima","समीमा"
"samina","सामिना"
"samit","समित"
"samiya","समिया"
"sammiuddin","सम्मीउद्दीन"
"samoti","समोति"
"sampat","सम्पत्ति"
"samreen","समरीन"
"samrin","समरिन"
"samsad","संसद"
"samsida","संसीदा"
"samsudin","सम्सुदीन"
"samsung","सैमसंग"
"samundri","समुन्द्री"
"samya","सम्या"
"san","सान"
"sana","सना"
"sanaali","सनाली"
"sanam","सनम"
"sanand","सनंद"
"sanat","सनात"
"sanaullah","सनआल्लाह"
"sanavvar","सनव्वर"
"sanchit","संचित"
"sandeep","संदीप"
"sandeepa","संदीपा"
"sandha","संधा"
"sandhya","संध्या"
"sandip","संदीप"
"sandiya","संदिया"
"sandya","संद्या"
"saneha","सनेहा"
"sangeena","संगीना"
"sangeet","संगीत"
"sangeeta","संगीता"
"sangit","संगीत"
"sangram","संग्राम"
"sanha","सन्हा"
"sania","सानिया"
"sanita","सनीता"
"saniya","सानिया"
"sanjai","संजय"
"sanjan","संजन"
"sanjay","संजय"
"sanjeeta","संजीता"
"sanjeev","संजीव"
"sanjida","संजीदा"
"sanjit","संजीत"
"sanjiv","संजीव"
"sanjna","संज्ञा"
"sanjoh","संजोह"
"sanju","संजू"
"sanjya","संज्य"
"sankar","संकर"
"sankarlal","संकरलाल"
"sanna","सन्ना"
"sanno","सन्नो"
"sanny","सन्नी"
"sanoj","सनोज"
"sanpat","सान्पात"
"sansaar","संसार"
"sant","संत"
"santara","संतरा"
"santi","संती"
"santlal","संतलाल"
"santo","संतो"
"santok","संतोक"
"santosh","संतोष"
"santoshi","संतोषी"
"santra","संतरा"
"santram","संतराम"
"santrm","संतराम"
"santro","संतरो"
"santu","संतु"
"sanu","सानू"
"sany","सानी"
"sapan","सपन"
"sapita","सापिता"
"sapna","सपना"
"sarafat","सराफत"
"sarafraj","सरफराज"
"sarah","सारह"
"saral","सरल"
"sarangthem","सारंगथेम"
"saransh","सरांश"
"sarbari","सरबारी"
"sarbash","सरबाश"
"sarbjeet","सरबजीत"
"sarda","सरदा"
"sardeep","सरदीप"
"sardhu","सरधु"
"sareen","सरीन"
"sarfraj","सरफराज"
"saridevi","सरीदेवी"
"sarif","सरीफ"
"sarik","सरिक"
"sarika","सारिका"
"sariq","सारिक"
"sarjaha","सरजहा"
"sarjeet","सरजीत"
"sarju","सरजु"
"sarkar","सरकार"
"sarmeela","सरमीला"
"saroj","सरोज"
"sarojani","सरोजनी"
"sarojini","सरोजिनी"
"sarojni","सरोजनी"
"saroop","सरूप"
"sartaj","सरताज"
"sarthak","सार्थक"
"saru","सारू"
"saruf","सारूफ"
"sarvan","सर्वन"
"sarvash","सर्वश"
"sarves","सर्वेश"
"sarvesh","सर्वेश"
"sarvjeet","सर्वजित"
"sat","सत"
"satan","सतान"
"satbar","सतबार"
"satbir","सतबीर"
"sateesh","सतीश"
"satender","सतेंद्र"
"satendra","सतेंद्र"
"satish","सतीश"
"satnam","सतनाम"
"satnarayan","सत्नारायण"
"satnosh","सत्नोश"
"satosh","सतोश"
"satpal","सतपाल"
"satrohan","सतरोहन"
"sattaram","सत्ताराम"
"sattu","सत्तू"
"satveer","सतवीर"
"satvida","सत्वीदा"
"satvir","सतवीर"
"satyam","सत्यम"
"satyanarayan","सत्यनारायण"
"satyaprakash","सत्यप्रकाश"
"satyavati","सत्यवती"
"satyender","सत्येन्द्र"
"satyvati","सत्यवती"
"saurab","सौरब"
"saveena","सवीना"
"saveta","सवेता"
"savina","सवीना"
"savita","सविता"
"savita,","सविता"
"saviti","सविती"
"savitri","सावित्री"
"savreen","सवरीन"
"savrin","सवरीन"
"sayada","सयदा"
"sayara","सायरा"
"sayda","सायदा"
"sayeri","सायेरी"
"sayma","सायमा"
"sayna","सायना"
"sayra","सायरा"
"schin","सचिन"
"sedarath","सेदारथ"
"seeba","सीबा"
"seekha","सीखा"
"seelam","सीलम"
"seeta","सीता"
"seetal","सीतल"
"seeva","सीवा"
"sehbaj","सहबाज"
"sehboob","सहबूब"
"sehdev","सहदेव"
"sehjal","सहजल"
"sehjamal","सहजमल"
"sehran","सहरान"
"sehrunisa","सहरुनिसा"
"sekha","सेखा"
"selars","सेलर्स"
"sema","सेमा"
"sen","सेन"
"senthia","सेंथिया"
"sethi","सेठी"
"seva","सेवा"
"shabana","शबाना"
"shabanam","शबानम"
"shabbenour","शब्बेनौर"
"shabbi","शब्बी"
"shabbir","शब्बीर"
"shabbo","शब्बो"
"shabi","शबी"
"shabila","शबिला"
"shabina","शबीना"
"shabir","शबीर"
"shabnam","शबनम"
"shabnur","शबनुर"
"shaboob","शबूब"
"shabra","शबरा"
"shabuddin","शबुद्दीन"
"shadan","शादान"
"shadhik","शाधिक"
"shadik","शादिक"
"shagufta","शगुफ्ता"
"shagun","शागुन"
"shah","शाह"
"shahboob","शाहबूब"
"shahbuddin","शाहबुद्दीन"
"shahera","शाहिरा"
"shahgujta","शाहगुज्ता"
"shahib","शाहिब"
"shahid","शाहिद"
"shahida","शाहिदा"
"shahin","शाहीन"
"shahina","शाहीना"
"shahjad","शाहजाद"
"shahjadi","शाहजादी"
"shahna","शाहना"
"shahnam","शाहनाम"
"shahrish","शाहरिश"
"shahvaj","शाहवाज़"
"shaid","शाईद"
"shaifali","शैफली"
"shaikh","शैख"
"shail","शैल"
"shaila","शैला"
"shailash","शैलाश"
"shailender","शैलेंद्र"
"shaili","शैली"
"shailja","शैलजा"
"shaira","शैरा"
"shajid","शाजिद"
"shajiya","शाजिया"
"shakar","शाकर"
"shakeela","शकीला"
"shakeena","शकीना"
"shakhtnsana","शक्तिंसाना"
"shakib","शाकिब"
"shakil","शाकिल"
"shakina","शाकिना"
"shakir","शाकिर"
"shakshi","शाक्षी"
"shakun","शकुन"
"shakuntla","शकुंतला"
"shalesh","शलेश"
"shalid","शालिद"
"shalini","शालिनी"
"shallu","शल्लू"
"shalu","शालू"
"sham","शम"
"shama","शमा"
"shambu","शंबू"
"shamim","शमीम"
"shamima","शमीमा"
"shamina","शमीना"
"shampa","शम्पा"
"shamrin","शमरीन"
"shamshina","शमशीना"
"shamshudin","शमशुदीन"
"shamsuddin","शम्सुद्दीन"
"shana","शाना"
"shanaj","शानाज"
"shani","शानी"
"shanichari","शानीचारी"
"shanjhan","शांझन"
"shankar","शंकर"
"shankarlal","शंकरलाल"
"shanker","शंकर"
"shankri","शंकरी"
"shankuntla","शंकुंतला"
"shanno","शन्नो"
"shanta","शांता"
"shanti","शांति"
"shanty","शांति"
"shanu","शानू"
"shanvaj","शानवाज़"
"sharad","शरद"
"sharadhha","शारधा"
"sharanjeet","शरंजीत"
"sharat","शरत"
"sharda","शारदा"
"shardanand","शरदानंद"
"sharib","शारिब"
"sharinimle","शारिनिमले"
"sharjprit","शर्जप्रित"
"sharmila","शर्मीला"
"sharmili","शर्मीली"
"sharukh","शाहरुख़"
"sharuna","शरूना"
"shashai","शशाई"
"shashi","शशि"
"shashibala","शशिबाला"
"shashid","शशिद"
"shashikant","शशिकांत"
"shathi","शठी"
"shatish","शतीश"
"shaturughyan","शतुरुघ्यन"
"shaubha","शौभा"
"shaukat","शौकत"
"shaulal","शौलाल"
"shaurabh","शौरभ"
"shavani","शवनी"
"shaving","शविंग"
"shavitri","शावित्री"
"shayam","शयम"
"shayampuri","शयमपुरी"
"shayma","शयमा"
"shaymu","शयमू"
"shayna","शयना"
"shayra","शायरा"
"shbana","शबना"
"sheak","शीक"
"sheeak","शीक"
"sheela","शीला"
"sheelu","शीलू"
"sheensar","शींसर"
"sheenu","शीनू"
"sheetal","शीतल"
"shefali","शेफाली"
"sheikh","शेख"
"sheikhsai","शेखसाई"
"sheilesh","शेलेश"
"sheish","शेश"
"shekhar","शेखर"
"shekher","शेखेर"
"shekiba","शेकिबा"
"shela","शेला"
"shelender","शैलेंद्र"
"shelendra","शेलेंद्र"
"shelesh","शेलेश"
"sher","शेर"
"sheru","शेरू"
"shetal","शेतल"
"shetan","शेतान"
"shgita","श्गिता"
"shi8vprakash","शिवप्रकाश"
"shib","शिब"
"shiba","शिबा"
"shibu","शिबू"
"shidharth","शिधार्थ"
"shiena","शिएना"
"shifali","शिफाली"
"shikha","शिखा"
"shil","शिल"
"shilap","शिलाप"
"shilly","शिल्ली"
"shilpa","शिल्पा"
"shilu","शिलू"
"shimala","शिमला"
"shimran","शिमरान"
"shine","शाइन"
"shiraj","शिराज"
"shirishty","शिरिश्टी"
"shish","शिश"
"shishpal","शिशपाल"
"shishram","शिश्राम"
"shishul","शिशुल"
"shispal","शिस्पाल"
"shisupal","शिसुपाल"
"shital","शीतल"
"shiteel","शितील"
"shittal","शित्तल"
"shiv","शिव"
"shivalika","शिवालिका"
"shivangi","शिवांगी"
"shivani","शिवानी"
"shivbhagvan","शिवभगवान"
"shivji","शिवजी"
"shivlal","शिवलाल"
"shivnath","शिवनाथ"
"shivraj","शिवराज"
"shivram","शिवराम"
"shivyalam","शिव्यालम"
"shiya","शिया"
"shkil","श्किल"
"shkundla","श्कुंडला"
"shkuntala","श्कुंतला"
"shlender","श्लेंडर"
"shma","श्मा"
"shmejha","श्मेझा"
"shoaib","शोएब"
"shoan","शोअन"
"shobha","शोभा"
"shobharam","शोभाराम"
"shobina","शोबिना"
"shohan","शोहन"
"shoiba","शोइबा"
"shokat","शोकत"
"shokesh","शोकेश"
"shokraji","शोकराजी"
"shorav","शोरव"
"shoukat","शौकत"
"shoyab","शोयब"
"shqakuntla","शाकुंतला"
"shrabani","श्राबणी"
"shravani","श्रावणी"
"shree","श्री"
"shreee","श्री"
"shri","श्री"
"shrikant","श्रीकांत"
"shriman","श्रीमान"
"shrimati","श्रीमती"
"shrinath","श्रीनाथ"
"shripal","श्रीपाल"
"shriram","श्रीराम"
"shrotam","श्रोतम्"
"shruti","श्रुति"
"shubankar","शुबंकर"
"shubham","शुभम"
"shubhm","शुभं"
"shukla","शुक्ल"
"shulal","शुलल"
"shulekha","शुलेखा"
"shumita","शुमिता"
"shun","शून"
"shur","शुर"
"shushil","शुशील"
"shushila","शुशीला"
"shushma","शुष्मा"
"shusila","शुसीला"
"shvani","श्वनी"
"shyad","श्याद"
"shyam","श्याम"
"shyamlal","श्यामलाल"
"shyamveer","श्यामवीर"
"shyan","श्यान"
"shyoram","श्योराम"
"sidarth","सिदार्थ"
"siddarth","सिद्धार्थ"
"sidh","सिध"
"sidhart","सिधार्थ"
"sidharth","सिधार्थ"
"sidhi","सिधि"
"sikander","सिकंदर"
"sikender","सिकेंदर"
"sila","सिला"
"silender","सिलेंडर"
"silpa","शिल्पा"
"sima","सिमा"
"simabharti","सिमाभारती"
"simmy","सिम्मी"
"simranjeet","सिमरनजीत"
"sinaa","सिना"
"sinder","सिन्दर"
"sinil","सिनिल"
"sinta","सिंता"
"sintu","सिंतु"
"sipra","सिप्रा"
"sira","सिरा"
"siraj","सिराज"
"sirjna","सिर्जना"
"sishpal","सीशपाल"
"sispal","सिस्पाल"
"sita","सीता"
"sital","सीतल"
"sitar","सीतार"
"sitaram","सीताराम"
"sitare","सितारे"
"sitender","सीतेन्द्र"
"sithal","सीथल"
"sitra","सीतरा"
"sivam","शिवम"
"skunatla","स्कुनतला"
"smarti","स्मर्ति"
"smt","श्रीमती"
"sna","एसएनए"
"snah","स्नेह"
"sneh","स्नेह"
"sneha","स्नेहा"
"snehlata","स्नेहलता"
"snjana","संजना"
"sntosh","संतोष"
"soam","सोम"
"soba","सोबा"
"sobha","सोभा"
"sobi","सोबी"
"sobit","सोबित"
"sodan","सोदन"
"sofali","सोफली"
"sohaib","सोहैब"
"sohail","सोहैल"
"sohan","सोहन"
"sohanpal","सोहनपाल"
"sohel","सोहेल"
"sohib","सोहिब"
"sohil","सोहिल"
"sohnal","सोहनल"
"sohni","सोहनी"
"soma","सोमा"
"sombir","सोमबीर"
"somdath","सोमदथ"
"somdevi","सोमदेवी"
"somesh","सोमेश"
"somi","सोमि"
"somil","सोमिल"
"sompal","सोमपाल"
"son","सोन"
"sona","सोना"
"sonaki","सोनकी"
"sonal","सोनल"
"sonam","सोनम"
"sone","सोने"
"soniya","सोनिया"
"soona","सूना"
"sooraj","सूरज"
"sorab","सोरब"
"sorabh","सोरभ"
"sorav","सोरव"
"sorbh","सोर्भ"
"sosan","सोसन"
"sosari","सोसरी"
"sosri","सोसरी"
"sotaj","सोतज"
"sourab","सौरब"
"sourabh","सौरभ"
"soyab","सोयाब"
"soyam","सोयम"
"spana","स्पना"
"sparsh","स्पर्श"
"sri","श्री"
"sridevi","श्रीदेवी"
"srishti","सृष्टि"
"srishty","सृष्टि"
"srita","श्रीता"
"stifen","स्टिफेन"
"subani","सुबानी"
"subburaiyalu","सुब्बुरायलु"
"subesh","सुभेष"
"subhadra","सुभद्रा"
"subhagi","सुभागी"
"subhagya","सुभाग्य"
"subham","सुभम"
"subhan","सुभान"
"subhangi","सुभांगी"
"subhapal","सुभापाल"
"subhas","सुभास"
"subhash","सुभाष"
"subhdra","सुभद्र"
"subhiya","सुभिया"
"subhod","सुभोद"
"subin","सुबिन"
"subjeet","सुबजीत"
"subrati","सुब्रती"
"succha","सुच्छा"
"sucheta","सुचेता"
"suchi","सुचि"
"suchit","सुचित"
"suchita","सुचिता"
"suchitra","सुचित्रा"
"suda","सुदा"
"sudama","सुदामा"
"sudarshan","सुदर्शन"
"sudershan","सुदर्शन"
"sudesh","सुदेश"
"sudha","सुधा"
"sudhank","सुधंक"
"sudhanshu","सुधांशु"
"sudhata","सुधाता"
"sudhdev","सुधदेव"
"sudhir","सुधीर"
"sudma","सुद्मा"
"sufia","सूफिया"
"sufian","सुफ़ियान"
"sugana","सुगना"
"sugandb","सुगन्ध"
"suganti","सुगंति"
"sugar","शुगर"
"sugodh","सुगोध"
"suhagini","सुहागिनी"
"suhaliya","सुहालिया"
"suhana","सुहाना"
"suhani","सुहानी"
"suhel","सुहेल"
"suhsmita","सुहस्मिता"
"suja","सुजा"
"sujan","सुजान"
"sujanti","सुजंति"
"sujata","सुजाता"
"sujit","सुजीत"
"sukanya","सुकन्या"
"sukar","सुकर"
"sukenta","सुकेंता"
"sukesh","सुकेश"
"sukh","सुख"
"sukhbeer","सुखबीर"
"sukhbir","सुखबीर"
"sukhdev","सुखदेव"
"sukhdevi","सुखदेवी"
"sukheeya","सुखीया"
"sukhmit","सुखमित"
"sukhram","सुखराम"
"sukhsohan","सुखसोहन"
"sukhveer","सुखवीर"
"sukjveer","सुखजवीर"
"sukka","सुक्का"
"sukmani","सुखमणि"
"sukrita","सुकृता"
"sukshana","सुक्षाणा"
"sukul","सुकुल"
"sukumar","सुकुमार"
"sulekha","सुलेखा"
"suleman","सुलेमान"
"sulender","सुलेंदर"
"sulochna","सुलोचना"
"sultan","सुल्तान"
"suma","सुमा"
"sumalia","सुमालिया"
"suman","सुमन"
"sumanlta","सुमंता"
"sumant","सुमंत"
"sumanthra","सुमंथरा"
"sumedha","सुमेधा"
"sumemtra","सुमेंत्रा"
"sumender","सुमेंदर"
"sumentra","सुमेंत्रा"
"sumer","सुमेर"
"sumesh","सुमेश"
"suminder","सुमिंदर"
"sumirta","सुमिर्ता"
"sumit","सुमित"
"sumita","सुमिता"
"sumitra","सुमित्रा"
"sumnesh","सुम्नेश"
"sumoranjam","सुमोरंजम"
"sunaina","सुनैना"
"sunaki","सुनकी"
"sunali","सुनाली"
"sunarkali","सुनरकाली"
"sunarki","सुनरकी"
"sundari","सुंदरी"
"sundeep","सुंदीप"
"sunder","सुंदर"
"sundga","सुंदगा"
"suneel","सुनील"
"suneeta","सुनीता"
"sunena","सुनेना"
"suneta","सुनेता"
"sunil","सुनील"
"sunitha","सुनीथा"
"supiriya","सुप्रिया"
"supna","सपना"
"supriya","सुप्रिया"
"supriyal","सुप्रियाल"
"supyar","सुप्यार"
"suraiya","सुरैया"
"suraj","सूरज"
"suraja","सूरजा"
"surajbhan","सूरजभान"
"surajmal","सुरजमल"
"surajpal","सूरजपाल"
"surat","सुरत"
"surekha","सुरेखा"
"surendar","सुरेंदर"
"surender","सुरेन्द्र"
"surendera","सुरेंद्र"
"surendr","सुरेंद्र"
"surendra","सुरेंद्र"
"suresh","सुरेश"
"surgayan","सुर्गायन"
"surgyan","सुर्ग्यान"
"surinder","सुरिंदर"
"surindera","सुरिंद्र"
"suriti","सुरिति"
"surjeet","सुरजीत"
"surjit","सुरजीत"
"surjiya","सुर्जिया"
"surti","सुरती"
"surya","सूर्य"
"suryanath","सूर्यनाथ"
"sus","सुस"
"susan","सुसन"
"susant","सुसंत"
"susanto","सुसंतो"
"sushail","सुशैल"
"sushama","सुशमा"
"sushant","सुशांत"
"sushela","सुशीला"
"sushhmita","सुष्मिता"
"sushil","सुशील"
"sushila","सुशीला"
"sushma","सुष्मा"
"sushmita","सुष्मिता"
"sushpal","सुश्पाल"
"sushree","सुश्री"
"sushri","सुश्री"
"susila","सुसीला"
"susma","सुस्मा"
"susmata","सुस्मता"
"suved","सुवेद"
"syamsunder","श्यामसुंदर"
"syed","सय्यद"
"syham","श्याम"
"taar","तार"
"tabbsum","तब्बसुम"
"tabssum","तबस्सुम"
"tabsum","तब्सुम"
"tafsir","तफ्सीर"
"tahir","ताहिर"
"tahseen","ताहसीन"
"taiyab","तैयब"
"taj","ताज"
"tajmaha","ताजमहा"
"tajrani","ताजरानी"
"tajuddin","ताजुद्दीन"
"tak","तक"
"taki","ताकी"
"takshila","तक्षिला"
"taleem","तालीम"
"talvender","तलविंदर"
"tammanne","तम्मन्ने"
"tamsa","तम्सा"
"tanaya","तनय"
"tandon","तंदोन"
"tania","तानिया"
"tanishka","तनिष्का"
"taniya","तानिया"
"tanjima","तंजीमा"
"tanmay","तन्मय"
"tanu","तनु"
"tanuja","तनुजा"
"tanushree","तनुश्री"
"tanveer","तनवीर"
"tanvir","तनवीर"
"tanya","तान्या"
"tapas","तपस"
"tapender","तपेंद्र"
"tapish","तपिश"
"tapsam","तप्सम"
"tapsya","तप्स्या"
"tara","तारा"
"tarachand","ताराचंद"
"taran","तारन"
"tarana","तरन"
"taranjeet","तारनजीत"
"tarannum","तारन्नुम"
"tarjan","तार्जन"
"tarnum","तार्नुम"
"tarun","तरुण"
"tarunnam","तरुण्नम"
"tashkkur","तश्क्कुर"
"tashnim","तश्नीम"
"tasleem","तस्लीम"
"taslima","तस्लीमा"
"tasmina","तस्मीना"
"tasnim","तस्नीम"
"tasveeran","तस्वीरां"
"taufik","तौफीक"
"tauseek","तौसीक"
"taushif","तौशिफ"
"tausin","तौसिन"
"tavinder","तविन्दर"
"tavvasum","तव्वासुम"
"teekam","तीकम"
"teenu","तीनु"
"teerath","तीरथ"
"tehmina","तेहमीना"
"tej","तेज"
"teja","तेजा"
"tejender","तेजेन्द्र"
"tejpal","तेजपाल"
"tejvir","तेजवीर"
"tek","टेक"
"tekchand","टेकचंद"
"tepu","टेपु"
"terence","टेरेंस"
"thakur","ठाकुर"
"tharu","थारु"
"thomas","थोमस"
"tikaram","तिकाराम"
"tikhalal","टिखालाल"
"tilakraj","तिलकराज"
"tilakram","तिलकराम"
"tinki","टिंकी"
"tinvkal","तिन्वकल"
"tipu","तिपू"
"tirath","तीरथ"
"tisar","तिसर"
"titu","तितु"
"tohmeena","तोहमीना"
"tolaram","तोलाराम"
"toni","टोनी"
"tony","टोनी"
"tool","टूल"
"toquir","तोकीर"
"toshar","तोषार"
"tosheeb","तोशीब"
"trannum","तरंनुम"
"tranoom","त्रनूम"
"traun","त्रौन"
"trepti","त्रेप्ति"
"tribavan","त्रिबवन"
"trijugi","त्रिजुगी"
"trilock","त्रिलोक"
"trilok","त्रिलोक"
"tripta","त्रिप्ता"
"tripti","त्रिप्ति"
"tripurari","त्रिपुरारी"
"trlokchand","त्रलोकचंद"
"tuba","तुबा"
"tufail","तुफैल"
"tufel","तुफेल"
"tulcharam","तुलचारम"
"tulki","तुलकी"
"tulsa","तुलसा"
"tulsha","तुल्शा"
"tulshi","तुलशी"
"tulsi","तुलसी"
"tunda","टुंडा"
"tunni","तुन्नी"
"turveny","तुर्वेनी"
"tushal","तुशल"
"tushar","तुषार"
"tyara","त्यारा"
"udai","उदय"
"udaiveer","उदईवीर"
"udaiy","उदय"
"udal","उदल"
"uday","उदय"
"udaya","उदय"
"uddhav","उद्धव"
"udham","उधम"
"udi","उड़ी"
"udit","उदित"
"udita","उदिता"
"udmai","उद्मै"
"uganta","उगन्ता"
"ugma","उग्म"
"ujamma","उजाम्मा"
"ujjaini","उज्जैनी"
"ujjair","उज्जैर"
"ujjwal","उज्ज्वल"
"ujwal","उज्वल"
"uma","उमा"
"umakant","उमाकान्त"
"umanath","उमानाथ"
"umang","उमंग"
"umar","उमर"
"umardeen","उमरदीन"
"umda","उम्दा"
"umedi","उमेदी"
"umesha","उमेशा"
"umlesh","उम्लेश"
"umma","उम्मा"
"umme","उम्मे"
"unkar","उंकर"
"unnati","उन्नति"
"upadhyay","उपाध्याय"
"upasana","उपासना"
"upasna","उपासना"
"upendra","उपेंद्र"
"uppal","उप्पाल"
"urendra","उरेन्द्र"
"urmil","उर्मिल"
"urmila","उर्मिला"
"urvarshi","उर्वशी"
"urvashi","उर्वशी"
"usha","उषा"
"usmaan","उस्मान"
"usman","उस्मान"
"utam","उत्तम"
"utkarsh","उत्कर्ष"
"utpana","उत्पन"
"utsav","उत्सव"
"uttam","उत्तम"
"vaibahv","वैभव"
"vaijanti","वैजंती"
"vaishali","वैशाली"
"vaishanvi","वैशान्वी"
"vaishnavi","वैष्णवी"
"vakeel","वकील"
"vakesh","वकेश"
"vakil","वकील"
"vakila","वकीला"
"valentina","वैलेंटीना"
"vamsi","वंशी"
"vandana","वंदना"
"vandhana","वंधना"
"vandita","वंदिता"
"vandna","वंदना"
"vanish","वनीश"
"vansh","वंश"
"vanshika","वंशिका"
"vanshu","वंशु"
"vansu","वंसू"
"varad","वरद"
"varisha","वरिषा"
"varsa","वर्षा"
"varsh","वर्ष"
"varsha","वर्षा"
"vaseem","वसीम"
"vashila","वाशिला"
"vashisast","वाशिस्त"
"vashisht","वशिष्ठ"
"vashudev","वासुदेव"
"vasida","वासिदा"
"vasim","वासिम"
"vasiya","वासिया"
"vasu","वसु"
"vasudev","वासुदेव"
"vasuki","वसुकी"
"vatsala","वत्सल"
"vedanand","वेदानंद"
"vedant","वेदांत"
"vedehi","वेदेही"
"vedh","वेध"
"vedika","वेदिका"
"vedprakash","वेदप्रकाश"
"veejita","वीजिता"
"veena","वीणा"
"veenita","वीणिता"
"veepal","वीपल"
"veepinchand","वीपिंचंद"
"veer","वीर"
"veera","वीरा"
"veerander","वीरांदेर"
"veerbhan","वीरभान"
"veerendra","वीरेन्द्र"
"veermati","वीरमती"
"veero","वीरो"
"veerpal","वीरपाल"
"veeru","वीरू"
"verma","वर्मा"
"veronika","वेरोनिका"
"vesali","वेसाली"
"vibha","विभा"
"vibhash","विभाष"
"vibhuti","विभूति"
"vichitra","विचित्र"
"vickey","विक्की"
"vickky","विक्की"
"vicky","विक्की"
"victor","विक्टर"
"vidha","विधा"
"vidhavati","विधवती"
"vidhi","विधि"
"vidhya","विद्या"
"vidisha","विदिशा"
"vidit","विदित"
"vihsal","विह्सल"
"vijaya","विजया"
"vijayanta","विजयंता"
"vijaynti","विजयंती"
"vijaypal","विजयपाल"
"vijayta","विजयता"
"vijendar","विजेन्द्र"
"vijender","विजेंद्र"
"vijendra","विजेंद्र"
"vijesh","विजेश"
"vikaram","विक्रम"
"vikarm","विकर्म"
"vikas","विकास"
"vikash","विकाश"
"vikesh","विकेश"
"vikki","विक्की"
"vikky","विक्की"
"vikramjeet","विक्रमजीत"
"vikrant","विक्रांत"
"vikshi","विक्षी"
"vimal","विमल"
"vimala","विमला"
"vimla","विमला"
"vimlesh","विमलेश"
"vimukt","विमुक्त"
"vinay","विनय"
"vinayak","विनायक"
"vindeshver","विन्देश्वर"
"vineeta","विनीता"
"vineta","विनीता"
"vinita","विनिता"
"vinna","विन्ना"
"vinoda","विनोदा"
"vinos","विनोस"
"vipan","विपन"
"vipasha","विपाशा"
"vipiv","विपिव"
"viplo","विप्लो"
"vipol","विपोल"
"vipul","विपुल"
"vipun","विपुण"
"viram","विराम"
"virat","विराट"
"viren","विरेन"
"virender","विरेन्द्र"
"virendra","विरेंद्र"
"viresh","विरेश"
"virjiniya","विर्जिनिया"
"virnit","विर्णित"
"vironika","विरोनिका"
"virpal","विरपाल"
"vishakha","विशाखा"
"vishal","विशाल"
"visham","विशाम"
"vishamitra","विशामित्र"
"vishavkarma","विश्वकर्मा"
"vishesh","विशेष"
"vishnu","विष्णु"
"vishu","विषु"
"vishva","विश्व"
"vishvanath","विश्वनाथ"
"vishvash","विश्वाश"
"vishvnath","विश्वनाथ"
"visvajeet","विश्वजीत"
"vithal","विठाल"
"vivek","विवेक"
"vivekanand","विवेकानंद"
"vude","वुदे"
"vyelet","व्येलेट"
"wadekar","वाडेकर"
"wadhwa","वाधव"
"waghela","वाघेला"
"waghmare","वाघमारे"
"wagle","वाग्ले"
"wagmare","वागमारे"
"wahid","वाहिद"
"waman","वामन"
"waqar","वक़ार"
"waseem","वसीम"
"wasim","वसीम"
"yaadram","यादराम"
"yadav","यादव"
"yadho","यधो"
"yadram","यादराम"
"yadvir","यादवीर"
"yagnik","यज्ञिक"
"yaksh","यक्ष"
"yaman","यमन"
"yameen","यमीन"
"yamin","यमीन"
"yamini","यामिनी"
"yaqoob","याकूब"
"yaqub","याकूब"
"yasar","यासर"
"yash","यश"
"yashbir","यशबीर"
"yashdhra","यशधर"
"yashin","यशिन"
"yashmin","यश्मिन"
"yashoda","यशोदा"
"yashodha","यशोधा"
"yashsvi","यशस्वी"
"yashwant","यशवंत"
"yasmeen","यासमीन"
"yasmin","यास्मिन"
"yasodha","यासोधा"
"yatharth","यथार्थ"
"yatin","यतिन"
"yeshpal","येशपाल"
"yespal","येसपाल"
"yinita","यिनिता"
"yogender","योगेंद्र"
"yogendr","योगेन्द्र"
"yogendra","योगेन्द्र"
"yogesh","योगेश"
"yoginder","योगिंद्र"
"yogita","योगिता"
"yognder","योगेन्द्र"
"yograj","योगराज"
"youraj","यौराज"
"yukilal","युकीलाल"
"yunishs","युनिश्स"
"yusaf","यूसफ"
"yusuf","यूसुफ"
"yuvan","युवान"
"yuveraj","युवराज"
"zade","ज़ादे"
"zahira","ज़ाहिरा"
"zahra","ज़हरा"
"zain","ज़ैन"
"zaina","ज़ैना"
"zakir","ज़ाकिर"
"zara","ज़ारा"
"zarina","ज़रीना"
"zoya","ज़ोया"